"grp","x","cens","y","cov","ty","PRED","ModelName"
2,24,0,1.15522084661195,1,1.15522084661195,35.7396,"d.True model
 Turnover PD"
3,36,0,0.459326110835663,1,0.459326110835663,24.6663,"d.True model
 Turnover PD"
4,48,0,0.799500943132737,1,0.799500943132737,19.803,"d.True model
 Turnover PD"
5,72,0,1.75068607125217,1,1.75068607125217,19.0393,"d.True model
 Turnover PD"
6,96,0,1.56322364686628,1,1.56322364686628,23.6221,"d.True model
 Turnover PD"
7,120,0,1.78661336549347,1,1.78661336549347,30.6978,"d.True model
 Turnover PD"
8,144,0,1.91103564754912,1,1.91103564754912,39.2038,"d.True model
 Turnover PD"
1,0,0,1.00271166502655,1,1.00271166502655,95.8316,"d.True model
 Turnover PD"
2,24,0,-1.33462228670019,1,-1.33462228670019,35.7397,"d.True model
 Turnover PD"
3,36,0,0.0426255851769444,1,0.0426255851769444,24.6663,"d.True model
 Turnover PD"
4,48,0,0.92301382625498,1,0.92301382625498,19.803,"d.True model
 Turnover PD"
5,72,0,0.600759774249319,1,0.600759774249319,19.0393,"d.True model
 Turnover PD"
6,96,0,0.859617364241912,1,0.859617364241912,23.6221,"d.True model
 Turnover PD"
7,120,0,0.423404722394183,1,0.423404722394183,30.6978,"d.True model
 Turnover PD"
1,0,0,-0.377233616761812,1,-0.377233616761812,95.8316,"d.True model
 Turnover PD"
2,24,0,-1.33462228670019,1,-1.33462228670019,35.7396,"d.True model
 Turnover PD"
3,36,0,-0.125661346855074,1,-0.125661346855074,24.6663,"d.True model
 Turnover PD"
4,48,0,-0.237846695417749,1,-0.237846695417749,19.803,"d.True model
 Turnover PD"
5,72,0,-0.209574222889649,1,-0.209574222889649,19.0393,"d.True model
 Turnover PD"
6,96,0,-0.355787114034875,1,-0.355787114034875,23.6221,"d.True model
 Turnover PD"
7,120,0,-1.20035885803086,1,-1.20035885803086,30.6978,"d.True model
 Turnover PD"
8,144,0,-1.25908398042707,1,-1.25908398042707,39.2038,"d.True model
 Turnover PD"
1,0,0,-0.735557557385111,1,-0.735557557385111,95.8316,"d.True model
 Turnover PD"
2,24,0,-1.58926755705139,1,-1.58926755705139,35.6802,"d.True model
 Turnover PD"
3,36,0,-0.493017814484465,1,-0.493017814484465,24.5316,"d.True model
 Turnover PD"
4,48,0,-0.467698799114508,1,-0.467698799114508,19.5631,"d.True model
 Turnover PD"
5,72,0,-0.110516203562042,1,-0.110516203562042,18.4944,"d.True model
 Turnover PD"
6,96,0,-0.729002717805219,1,-0.729002717805219,22.6452,"d.True model
 Turnover PD"
7,120,0,-0.874217164866483,1,-0.874217164866483,29.1891,"d.True model
 Turnover PD"
8,144,0,-0.661955096288162,1,-0.661955096288162,37.135,"d.True model
 Turnover PD"
1,0,0,1.71688601843104,1,1.71688601843104,95.8316,"d.True model
 Turnover PD"
2,24,0,1.12167652792549,1,1.12167652792549,35.9124,"d.True model
 Turnover PD"
3,36,0,0.366489293889434,1,0.366489293889434,25.0742,"d.True model
 Turnover PD"
4,48,0,1.97736842818195,1,1.97736842818195,20.5466,"d.True model
 Turnover PD"
5,72,0,2.09692742916434,1,2.09692742916434,20.7719,"d.True model
 Turnover PD"
6,96,0,1.76241029786239,1,1.76241029786239,26.7549,"d.True model
 Turnover PD"
7,120,0,2.01409081201814,1,2.01409081201814,35.5011,"d.True model
 Turnover PD"
8,144,0,1.70604339688896,1,1.70604339688896,45.639,"d.True model
 Turnover PD"
1,0,0,-1.01942761823437,1,-1.01942761823437,95.8316,"d.True model
 Turnover PD"
2,24,0,0.0752698620998299,1,0.0752698620998299,35.6958,"d.True model
 Turnover PD"
3,36,0,0.361133033557212,1,0.361133033557212,24.5706,"d.True model
 Turnover PD"
4,48,0,-0.245589523422081,1,-0.245589523422081,19.6352,"d.True model
 Turnover PD"
5,72,0,1.17498679206609,1,1.17498679206609,18.6634,"d.True model
 Turnover PD"
6,96,0,0.690308823933034,1,0.690308823933034,22.9522,"d.True model
 Turnover PD"
7,120,0,1.08031934081496,1,1.08031934081496,29.6674,"d.True model
 Turnover PD"
8,144,0,1.1030625561996,1,1.1030625561996,37.7963,"d.True model
 Turnover PD"
2,24,0,-1.03643338949379,1,-1.03643338949379,35.7707,"d.True model
 Turnover PD"
3,36,0,-0.510073456968595,1,-0.510073456968595,24.7418,"d.True model
 Turnover PD"
4,48,0,-0.0576844251079842,1,-0.0576844251079842,19.9418,"d.True model
 Turnover PD"
5,72,0,-0.915365087842814,1,-0.915365087842814,19.3641,"d.True model
 Turnover PD"
6,96,0,-1.17498679206609,1,-1.17498679206609,24.2113,"d.True model
 Turnover PD"
7,120,0,-0.582841507271216,1,-0.582841507271216,31.6099,"d.True model
 Turnover PD"
8,144,0,-0.719228730439924,1,-0.719228730439924,40.4478,"d.True model
 Turnover PD"
1,0,0,1.83842366924778,1,1.83842366924778,95.8316,"d.True model
 Turnover PD"
2,24,0,-0.130715968119863,1,-0.130715968119863,35.6453,"d.True model
 Turnover PD"
3,36,0,0.294991988222626,1,0.294991988222626,24.4511,"d.True model
 Turnover PD"
4,48,0,1.41865370617274,1,1.41865370617274,19.4188,"d.True model
 Turnover PD"
5,72,0,1.18000054034773,1,1.18000054034773,18.1658,"d.True model
 Turnover PD"
6,96,0,1.19522278143743,1,1.19522278143743,22.0554,"d.True model
 Turnover PD"
7,120,0,1.15034938037601,1,1.15034938037601,28.2741,"d.True model
 Turnover PD"
8,144,0,1.31057911216813,1,1.31057911216813,35.8687,"d.True model
 Turnover PD"
1,0,0,-0.576910377333272,1,-0.576910377333272,95.8316,"d.True model
 Turnover PD"
2,24,0,0.646431416324407,1,0.646431416324407,35.8322,"d.True model
 Turnover PD"
3,36,0,-0.358458793251194,1,-0.358458793251194,24.8857,"d.True model
 Turnover PD"
4,48,0,0.120609934119307,1,0.120609934119307,20.2028,"d.True model
 Turnover PD"
5,72,0,0.762100540995067,1,0.762100540995067,19.9689,"d.True model
 Turnover PD"
6,96,0,0.168741467620538,1,0.168741467620538,25.3034,"d.True model
 Turnover PD"
7,120,0,0.510073456968595,1,0.510073456968595,33.2879,"d.True model
 Turnover PD"
8,144,0,0.337155076995277,1,0.337155076995277,42.7083,"d.True model
 Turnover PD"
1,0,0,1.42554403708045,1,1.42554403708045,95.8316,"d.True model
 Turnover PD"
2,24,0,0.591776890591446,1,0.591776890591446,35.7212,"d.True model
 Turnover PD"
3,36,0,0.646431416324407,1,0.646431416324407,24.6267,"d.True model
 Turnover PD"
4,48,0,-0.107994569409154,1,-0.107994569409154,19.7341,"d.True model
 Turnover PD"
5,72,0,1.15034938037601,1,1.15034938037601,18.8858,"d.True model
 Turnover PD"
6,96,0,0.353117971973689,1,0.353117971973689,23.3492,"d.True model
 Turnover PD"
7,120,0,1.08031934081496,1,1.08031934081496,30.2791,"d.True model
 Turnover PD"
8,144,0,0.23526894111328,1,0.23526894111328,38.6338,"d.True model
 Turnover PD"
1,0,0,0.118085389425553,1,0.118085389425553,95.8316,"d.True model
 Turnover PD"
2,24,0,-0.10043372051147,1,-0.10043372051147,35.6728,"d.True model
 Turnover PD"
3,36,0,-0.813380388213404,1,-0.813380388213404,24.5145,"d.True model
 Turnover PD"
4,48,0,-0.36917136250309,1,-0.36917136250309,19.5323,"d.True model
 Turnover PD"
5,72,0,-0.281926329587061,1,-0.281926329587061,18.4243,"d.True model
 Turnover PD"
6,96,0,-1.07137688928021,1,-1.07137688928021,22.5192,"d.True model
 Turnover PD"
7,120,0,-1.95996398454005,1,-1.95996398454005,28.9937,"d.True model
 Turnover PD"
8,144,0,-1.43953147093846,1,-1.43953147093846,36.8652,"d.True model
 Turnover PD"
1,0,0,-1.05374430213067,1,-1.05374430213067,95.8316,"d.True model
 Turnover PD"
2,24,0,-0.709522973844608,1,-0.709522973844608,35.6958,"d.True model
 Turnover PD"
3,36,0,0.464904287509595,1,0.464904287509595,24.5706,"d.True model
 Turnover PD"
4,48,0,0.00501327754892666,1,0.00501327754892666,19.6352,"d.True model
 Turnover PD"
1,0,0,0.84519853528205,1,0.84519853528205,95.8316,"d.True model
 Turnover PD"
2,24,0,0.579873392427704,1,0.579873392427704,35.6958,"d.True model
 Turnover PD"
3,36,0,1.76241029786239,1,1.76241029786239,24.5706,"d.True model
 Turnover PD"
4,48,0,1.02789334580214,1,1.02789334580214,19.6352,"d.True model
 Turnover PD"
5,72,0,0.2533471031358,1,0.2533471031358,18.6634,"d.True model
 Turnover PD"
6,96,0,0.36917136250309,1,0.36917136250309,22.9522,"d.True model
 Turnover PD"
7,120,0,-0.189118426272792,1,-0.189118426272792,29.6674,"d.True model
 Turnover PD"
8,144,0,-0.168741467620538,1,-0.168741467620538,37.7963,"d.True model
 Turnover PD"
1,0,0,-1.353174154548,1,-1.353174154548,95.8316,"d.True model
 Turnover PD"
2,24,0,-0.201893479141851,1,-0.201893479141851,35.8322,"d.True model
 Turnover PD"
3,36,0,0.0325919366966631,1,0.0325919366966631,24.8857,"d.True model
 Turnover PD"
4,48,0,-1.23186370873498,1,-1.23186370873498,20.2028,"d.True model
 Turnover PD"
5,72,0,0.476104403489395,1,0.476104403489395,19.9689,"d.True model
 Turnover PD"
6,96,0,0.173828812501662,1,0.173828812501662,25.3034,"d.True model
 Turnover PD"
7,120,0,-0.464904287509594,1,-0.464904287509594,33.2879,"d.True model
 Turnover PD"
8,144,0,-0.550465695020113,1,-0.550465695020113,42.7083,"d.True model
 Turnover PD"
1,0,0,-1.2107271327916,1,-1.2107271327916,95.8316,"d.True model
 Turnover PD"
2,24,0,0.852385797957575,1,0.852385797957575,35.7932,"d.True model
 Turnover PD"
3,36,0,0.658837692736188,1,0.658837692736188,24.7904,"d.True model
 Turnover PD"
4,48,0,0.294991988222626,1,0.294991988222626,20.027,"d.True model
 Turnover PD"
5,72,0,-0.0300840766201891,1,-0.0300840766201891,19.5553,"d.True model
 Turnover PD"
6,96,0,-0.0376082876612559,1,-0.0376082876612559,24.5519,"d.True model
 Turnover PD"
7,120,0,0.39072570019687,1,0.39072570019687,32.1306,"d.True model
 Turnover PD"
8,144,0,0.224973358313811,1,0.224973358313811,41.1495,"d.True model
 Turnover PD"
1,0,0,-1.62576338623323,1,-1.62576338623323,95.8316,"d.True model
 Turnover PD"
2,24,0,-0.398855065642337,1,-0.398855065642337,35.7819,"d.True model
 Turnover PD"
3,36,0,-0.276713636736747,1,-0.276713636736747,24.7679,"d.True model
 Turnover PD"
4,48,0,-0.00250663089957177,1,-0.00250663089957177,19.9891,"d.True model
 Turnover PD"
5,72,0,0.0853287948856292,1,0.0853287948856292,19.4732,"d.True model
 Turnover PD"
6,96,0,0.201893479141851,1,0.201893479141851,24.4082,"d.True model
 Turnover PD"
7,120,0,0.366489293889434,1,0.366489293889434,31.9132,"d.True model
 Turnover PD"
1,0,0,0.782365164855387,1,0.782365164855387,95.8316,"d.True model
 Turnover PD"
2,24,0,0.0551738021383168,1,0.0551738021383168,35.6878,"d.True model
 Turnover PD"
3,36,0,-0.171284585931507,1,-0.171284585931507,24.5493,"d.True model
 Turnover PD"
4,48,0,-1.64485362695147,1,-1.64485362695147,19.5949,"d.True model
 Turnover PD"
5,72,0,-0.484543782441079,1,-0.484543782441079,18.5671,"d.True model
 Turnover PD"
6,96,0,-0.624955903494687,1,-0.624955903494687,22.7757,"d.True model
 Turnover PD"
7,120,0,-1.52203624173586,1,-1.52203624173586,29.3914,"d.True model
 Turnover PD"
1,0,0,0.0828132919318813,1,0.0828132919318813,95.8316,"d.True model
 Turnover PD"
2,24,0,-1.64485362695147,1,-1.64485362695147,35.7039,"d.True model
 Turnover PD"
3,36,0,-0.166199440170359,1,-0.166199440170359,24.5836,"d.True model
 Turnover PD"
4,48,0,-1.25908398042707,1,-1.25908398042707,19.6543,"d.True model
 Turnover PD"
5,72,0,0.279319034447454,1,0.279319034447454,18.6988,"d.True model
 Turnover PD"
6,96,0,0.533048510902909,1,0.533048510902909,23.0093,"d.True model
 Turnover PD"
7,120,0,0.84519853528205,1,0.84519853528205,29.7505,"d.True model
 Turnover PD"
1,0,0,-0.674489750196082,1,-0.674489750196082,95.8316,"d.True model
 Turnover PD"
2,24,0,0.26890862445371,1,0.26890862445371,35.7546,"d.True model
 Turnover PD"
3,36,0,1.1076800921478,1,1.1076800921478,24.7008,"d.True model
 Turnover PD"
4,48,0,0.612812991016627,1,0.612812991016627,19.8651,"d.True model
 Turnover PD"
5,72,0,0.237846695417749,1,0.237846695417749,19.1821,"d.True model
 Turnover PD"
6,96,0,-0.371856089385075,1,-0.371856089385075,23.8792,"d.True model
 Turnover PD"
7,120,0,-0.696684917063051,1,-0.696684917063051,31.0947,"d.True model
 Turnover PD"
1,0,0,-1.35946274541826,1,-1.35946274541826,95.8316,"d.True model
 Turnover PD"
2,24,0,-0.579873392427704,1,-0.579873392427704,35.7762,"d.True model
 Turnover PD"
3,36,0,-0.668209299725723,1,-0.668209299725723,24.7547,"d.True model
 Turnover PD"
4,48,0,0.420664619637616,1,0.420664619637616,19.9652,"d.True model
 Turnover PD"
5,72,0,0.986271298702238,1,0.986271298702238,19.418,"d.True model
 Turnover PD"
6,96,0,1.32250513673844,1,1.32250513673844,24.3086,"d.True model
 Turnover PD"
7,120,0,1.53006758813783,1,1.53006758813783,31.7598,"d.True model
 Turnover PD"
1,0,0,0.107994569409154,1,0.107994569409154,95.8316,"d.True model
 Turnover PD"
2,24,0,1.95996398454005,1,1.95996398454005,35.76,"d.True model
 Turnover PD"
3,36,0,-0.199335898061207,1,-0.199335898061207,24.7168,"d.True model
 Turnover PD"
4,48,0,0.214701568001744,1,0.214701568001744,19.8967,"d.True model
 Turnover PD"
5,72,0,-0.227544976641149,1,-0.227544976641149,19.2599,"d.True model
 Turnover PD"
6,96,0,0.0752698620998299,1,0.0752698620998299,24.0233,"d.True model
 Turnover PD"
7,120,0,-0.0677307130042592,1,-0.0677307130042592,31.3202,"d.True model
 Turnover PD"
1,0,0,0.0752698620998299,1,0.0752698620998299,95.8316,"d.True model
 Turnover PD"
2,24,0,-1.11232136724931,1,-1.11232136724931,35.7819,"d.True model
 Turnover PD"
3,36,0,-1.07137688928021,1,-1.07137688928021,24.7679,"d.True model
 Turnover PD"
4,48,0,-1.8250068211464,1,-1.8250068211464,19.9891,"d.True model
 Turnover PD"
5,72,0,-1.99539331016782,1,-1.99539331016782,19.4732,"d.True model
 Turnover PD"
6,96,0,-2.6520698079022,1,-2.6520698079022,24.4082,"d.True model
 Turnover PD"
7,120,0,-2.40891554581546,1,-2.40891554581546,31.9132,"d.True model
 Turnover PD"
1,0,0,-0.478913734112256,1,-0.478913734112256,95.8316,"d.True model
 Turnover PD"
2,24,0,0.848786685915967,1,0.848786685915967,35.704,"d.True model
 Turnover PD"
3,36,0,0.755415026360469,1,0.755415026360469,24.5897,"d.True model
 Turnover PD"
4,48,0,-0.214701568001745,1,-0.214701568001745,19.6696,"d.True model
 Turnover PD"
5,72,0,-1.33462228670019,1,-1.33462228670019,18.7424,"d.True model
 Turnover PD"
6,96,0,0.173828812501662,1,0.173828812501662,23.0943,"d.True model
 Turnover PD"
7,120,0,-0.820379145968461,1,-0.820379145968461,29.8875,"d.True model
 Turnover PD"
1,0,0,-1.44663206715898,1,-1.44663206715898,95.8316,"d.True model
 Turnover PD"
2,24,0,-0.900225985701433,1,-0.900225985701433,35.6957,"d.True model
 Turnover PD"
3,36,0,-3.09023230616781,1,-3.09023230616781,24.5648,"d.True model
 Turnover PD"
4,48,0,-0.495850347347453,1,-0.495850347347453,19.6205,"d.True model
 Turnover PD"
5,72,0,-0.93458929107348,1,-0.93458929107348,18.6215,"d.True model
 Turnover PD"
6,96,0,-0.683960672350682,1,-0.683960672350682,22.8705,"d.True model
 Turnover PD"
7,120,0,-1.11232136724931,1,-1.11232136724931,29.5355,"d.True model
 Turnover PD"
1,0,0,0.680796918764575,1,0.680796918764575,95.8316,"d.True model
 Turnover PD"
2,24,0,-1.1076800921478,1,-1.1076800921478,35.7039,"d.True model
 Turnover PD"
3,36,0,-1.66456286120272,1,-1.66456286120272,24.5836,"d.True model
 Turnover PD"
4,48,0,-1.62576338623323,1,-1.62576338623323,19.6543,"d.True model
 Turnover PD"
5,72,0,-0.0175472983721508,1,-0.0175472983721508,18.6988,"d.True model
 Turnover PD"
6,96,0,-0.585814765687599,1,-0.585814765687599,23.0093,"d.True model
 Turnover PD"
7,120,0,-0.735557557385111,1,-0.735557557385111,29.7505,"d.True model
 Turnover PD"
1,0,0,0.631061979059499,1,0.631061979059499,95.8316,"d.True model
 Turnover PD"
2,24,0,0.658837692736188,1,0.658837692736188,35.6802,"d.True model
 Turnover PD"
3,36,0,2.6520698079022,1,2.6520698079022,24.5316,"d.True model
 Turnover PD"
4,48,0,2.25712924448622,1,2.25712924448622,19.5631,"d.True model
 Turnover PD"
5,72,0,2.5758293035489,1,2.5758293035489,18.4944,"d.True model
 Turnover PD"
6,96,0,3.09023230616781,1,3.09023230616781,22.6452,"d.True model
 Turnover PD"
7,120,0,2.87816173909548,1,2.87816173909548,29.1891,"d.True model
 Turnover PD"
1,0,0,1.37220380899873,1,1.37220380899873,95.8316,"d.True model
 Turnover PD"
2,24,0,0.0275764057393917,1,0.0275764057393917,35.6802,"d.True model
 Turnover PD"
3,36,0,-0.0677307130042592,1,-0.0677307130042592,24.5316,"d.True model
 Turnover PD"
4,48,0,0.0979147342114995,1,0.0979147342114995,19.5631,"d.True model
 Turnover PD"
5,72,0,-0.107994569409154,1,-0.107994569409154,18.4944,"d.True model
 Turnover PD"
6,96,0,-0.462113401776377,1,-0.462113401776377,22.6452,"d.True model
 Turnover PD"
7,120,0,0.382622075162534,1,0.382622075162534,29.1891,"d.True model
 Turnover PD"
1,0,0,-0.515791557046827,1,-0.515791557046827,95.8316,"d.True model
 Turnover PD"
2,24,0,-0.434397242259781,1,-0.434397242259781,35.6802,"d.True model
 Turnover PD"
3,36,0,-1.18504412790781,1,-1.18504412790781,24.5316,"d.True model
 Turnover PD"
4,48,0,-1.58046681839936,1,-1.58046681839936,19.5631,"d.True model
 Turnover PD"
5,72,0,-1.46105626918691,1,-1.46105626918691,18.4944,"d.True model
 Turnover PD"
6,96,0,-1.11698672787661,1,-1.11698672787661,22.6452,"d.True model
 Turnover PD"
7,120,0,-1.30468538522879,1,-1.30468538522879,29.1891,"d.True model
 Turnover PD"
1,0,0,-0.158579729753843,1,-0.158579729753843,95.8316,"d.True model
 Turnover PD"
2,24,0,0.212137198317524,1,0.212137198317524,35.6095,"d.True model
 Turnover PD"
3,36,0,-0.201893479141851,1,-0.201893479141851,24.3689,"d.True model
 Turnover PD"
4,48,0,0.53594002664749,1,0.53594002664749,19.2718,"d.True model
 Turnover PD"
5,72,0,-0.690308823933034,1,-0.690308823933034,17.8328,"d.True model
 Turnover PD"
6,96,0,-0.896473364001916,1,-0.896473364001916,21.4589,"d.True model
 Turnover PD"
7,120,0,-0.530161445055519,1,-0.530161445055519,27.3478,"d.True model
 Turnover PD"
1,0,0,0.379926467041307,1,0.379926467041307,95.8316,"d.True model
 Turnover PD"
2,24,0,0.199335898061207,1,0.199335898061207,35.7212,"d.True model
 Turnover PD"
3,36,0,0.201893479141851,1,0.201893479141851,24.6267,"d.True model
 Turnover PD"
4,48,0,-0.624955903494687,1,-0.624955903494687,19.7341,"d.True model
 Turnover PD"
5,72,0,1.0493870846841,1,1.0493870846841,18.8858,"d.True model
 Turnover PD"
6,96,0,0.597760126042478,1,0.597760126042478,23.3492,"d.True model
 Turnover PD"
7,120,0,0.44544250629172,1,0.44544250629172,30.2791,"d.True model
 Turnover PD"
1,0,0,0.60979139867408,1,0.60979139867408,95.8316,"d.True model
 Turnover PD"
2,24,0,0.245589523422081,1,0.245589523422081,35.6655,"d.True model
 Turnover PD"
3,36,0,0.680796918764575,1,0.680796918764575,24.5004,"d.True model
 Turnover PD"
4,48,0,-1.39174377939633,1,-1.39174377939633,19.5089,"d.True model
 Turnover PD"
5,72,0,-1.48328012733562,1,-1.48328012733562,18.3747,"d.True model
 Turnover PD"
6,96,0,-1.46105626918691,1,-1.46105626918691,22.4329,"d.True model
 Turnover PD"
7,120,0,0.0225615683902247,1,0.0225615683902247,28.8623,"d.True model
 Turnover PD"
1,0,0,1.22652812003661,1,1.22652812003661,95.8316,"d.True model
 Turnover PD"
2,24,0,1.60724789190022,1,1.60724789190022,35.76,"d.True model
 Turnover PD"
3,36,0,1.86629574345811,1,1.86629574345811,24.7168,"d.True model
 Turnover PD"
4,48,0,0.544641654799999,1,0.544641654799999,19.8967,"d.True model
 Turnover PD"
5,72,0,0.665078946175923,1,0.665078946175923,19.2599,"d.True model
 Turnover PD"
6,96,0,-0.230118100657266,1,-0.230118100657266,24.0233,"d.True model
 Turnover PD"
7,120,0,-0.748763106614909,1,-0.748763106614909,31.3202,"d.True model
 Turnover PD"
2,24,0,2.51214432793046,1,2.51214432793046,23.6258,"a.Misspecified delay
 Immediate effect"
3,36,0,0.45376219016988,1,0.45376219016988,23.8879,"a.Misspecified delay
 Immediate effect"
4,48,0,0,1,0,24.2045,"a.Misspecified delay
 Immediate effect"
5,72,0,1.01522203321703,1,1.01522203321703,25.0451,"a.Misspecified delay
 Immediate effect"
6,96,0,1.49085335524666,1,1.49085335524666,26.2548,"a.Misspecified delay
 Immediate effect"
7,120,0,1.99539331016782,1,1.99539331016782,27.9732,"a.Misspecified delay
 Immediate effect"
8,144,0,2.29036787785527,1,2.29036787785527,30.369,"a.Misspecified delay
 Immediate effect"
1,0,0,0.706302562840088,1,0.706302562840088,96.1597,"a.Misspecified delay
 Immediate effect"
2,24,0,0.442676144203822,1,0.442676144203822,23.6258,"a.Misspecified delay
 Immediate effect"
3,36,0,0.184017151161979,1,0.184017151161979,23.8879,"a.Misspecified delay
 Immediate effect"
4,48,0,0.176374164780861,1,0.176374164780861,24.2045,"a.Misspecified delay
 Immediate effect"
5,72,0,-0.245589523422081,1,-0.245589523422081,25.0451,"a.Misspecified delay
 Immediate effect"
6,96,0,0.573952418568573,1,0.573952418568573,26.2548,"a.Misspecified delay
 Immediate effect"
7,120,0,0.591776890591446,1,0.591776890591446,27.9732,"a.Misspecified delay
 Immediate effect"
1,0,0,-0.363809859029696,1,-0.363809859029696,96.1597,"a.Misspecified delay
 Immediate effect"
2,24,0,0.550465695020112,1,0.550465695020112,23.6258,"a.Misspecified delay
 Immediate effect"
3,36,0,-0.0576844251079842,1,-0.0576844251079842,23.8879,"a.Misspecified delay
 Immediate effect"
4,48,0,-0.703089460330929,1,-0.703089460330929,24.2045,"a.Misspecified delay
 Immediate effect"
5,72,0,-0.903991327564402,1,-0.903991327564402,25.0451,"a.Misspecified delay
 Immediate effect"
6,96,0,-0.709522973844608,1,-0.709522973844608,26.2548,"a.Misspecified delay
 Immediate effect"
7,120,0,-1.1455050613927,1,-1.1455050613927,27.9732,"a.Misspecified delay
 Immediate effect"
8,144,0,-0.859617364241911,1,-0.859617364241911,30.369,"a.Misspecified delay
 Immediate effect"
1,0,0,-0.498686864142122,1,-0.498686864142122,96.1597,"a.Misspecified delay
 Immediate effect"
2,24,0,0.355787114034875,1,0.355787114034875,23.6064,"a.Misspecified delay
 Immediate effect"
3,36,0,-0.308108202447355,1,-0.308108202447355,23.852,"a.Misspecified delay
 Immediate effect"
4,48,0,-0.889005730601025,1,-0.889005730601025,24.1462,"a.Misspecified delay
 Immediate effect"
5,72,0,-0.91918273514682,1,-0.91918273514682,24.9177,"a.Misspecified delay
 Immediate effect"
6,96,0,-1.32853932885681,1,-1.32853932885681,26.0118,"a.Misspecified delay
 Immediate effect"
7,120,0,-0.99857627061566,1,-0.99857627061566,27.5458,"a.Misspecified delay
 Immediate effect"
8,144,0,-0.374543499199443,1,-0.374543499199443,29.6627,"a.Misspecified delay
 Immediate effect"
1,0,0,1.2815515655446,1,1.2815515655446,96.1597,"a.Misspecified delay
 Immediate effect"
2,24,0,2.19728637664105,1,2.19728637664105,23.6844,"a.Misspecified delay
 Immediate effect"
3,36,0,0.363809859029696,1,0.363809859029696,24.0003,"a.Misspecified delay
 Immediate effect"
4,48,0,1.27023762239315,1,1.27023762239315,24.3915,"a.Misspecified delay
 Immediate effect"
5,72,0,1.71688601843104,1,1.71688601843104,25.4695,"a.Misspecified delay
 Immediate effect"
6,96,0,1.78661336549347,1,1.78661336549347,27.091,"a.Misspecified delay
 Immediate effect"
7,120,0,2.17009037758456,1,2.17009037758456,29.4815,"a.Misspecified delay
 Immediate effect"
8,144,0,1.95996398454005,1,1.95996398454005,32.9033,"a.Misspecified delay
 Immediate effect"
1,0,0,-0.755415026360469,1,-0.755415026360469,96.1597,"a.Misspecified delay
 Immediate effect"
2,24,0,1.46105626918691,1,1.46105626918691,23.612,"a.Misspecified delay
 Immediate effect"
3,36,0,0.388021666217977,1,0.388021666217977,23.8629,"a.Misspecified delay
 Immediate effect"
4,48,0,-0.735557557385111,1,-0.735557557385111,24.1641,"a.Misspecified delay
 Immediate effect"
5,72,0,0.334503036423212,1,0.334503036423212,24.9573,"a.Misspecified delay
 Immediate effect"
6,96,0,0.300232259380722,1,0.300232259380722,26.0878,"a.Misspecified delay
 Immediate effect"
7,120,0,1.31651871841826,1,1.31651871841826,27.6796,"a.Misspecified delay
 Immediate effect"
8,144,0,1.48328012733562,1,1.48328012733562,29.8839,"a.Misspecified delay
 Immediate effect"
2,24,0,0.738846849185214,1,0.738846849185214,23.6366,"a.Misspecified delay
 Immediate effect"
3,36,0,-0.237846695417749,1,-0.237846695417749,23.9088,"a.Misspecified delay
 Immediate effect"
4,48,0,-0.515791557046827,1,-0.515791557046827,24.2392,"a.Misspecified delay
 Immediate effect"
5,72,0,-1.34693862611028,1,-1.34693862611028,25.1228,"a.Misspecified delay
 Immediate effect"
6,96,0,-1.37865872862328,1,-1.37865872862328,26.4058,"a.Misspecified delay
 Immediate effect"
7,120,0,-0.493017814484465,1,-0.493017814484465,28.2423,"a.Misspecified delay
 Immediate effect"
8,144,0,-0.250759571882916,1,-0.250759571882916,30.8178,"a.Misspecified delay
 Immediate effect"
1,0,0,1.45380635894057,1,1.45380635894057,96.1597,"a.Misspecified delay
 Immediate effect"
2,24,0,1.42554403708045,1,1.42554403708045,23.5949,"a.Misspecified delay
 Immediate effect"
3,36,0,0.347787204278627,1,0.347787204278627,23.8305,"a.Misspecified delay
 Immediate effect"
4,48,0,0.437153541391722,1,0.437153541391722,24.1113,"a.Misspecified delay
 Immediate effect"
5,72,0,0.300232259380722,1,0.300232259380722,24.842,"a.Misspecified delay
 Immediate effect"
6,96,0,0.827418320704382,1,0.827418320704382,25.8687,"a.Misspecified delay
 Immediate effect"
7,120,0,1.39174377939633,1,1.39174377939633,27.2962,"a.Misspecified delay
 Immediate effect"
8,144,0,1.69539771027214,1,1.69539771027214,29.2527,"a.Misspecified delay
 Immediate effect"
1,0,0,-0.553384719555673,1,-0.553384719555673,96.1597,"a.Misspecified delay
 Immediate effect"
2,24,0,2.05374891063182,1,2.05374891063182,23.6573,"a.Misspecified delay
 Immediate effect"
3,36,0,-0.214701568001745,1,-0.214701568001745,23.9482,"a.Misspecified delay
 Immediate effect"
4,48,0,-0.470496967904941,1,-0.470496967904941,24.3043,"a.Misspecified delay
 Immediate effect"
5,72,0,-0.00501327754892666,1,-0.00501327754892666,25.2695,"a.Misspecified delay
 Immediate effect"
6,96,0,-0.153505060378057,1,-0.153505060378057,26.6929,"a.Misspecified delay
 Immediate effect"
7,120,0,0.778965564347545,1,0.778965564347545,28.7576,"a.Misspecified delay
 Immediate effect"
8,144,0,0.778965564347545,1,0.778965564347545,31.6812,"a.Misspecified delay
 Immediate effect"
1,0,0,0.994457883209753,1,0.994457883209753,96.1597,"a.Misspecified delay
 Immediate effect"
2,24,0,1.94313375110507,1,1.94313375110507,23.6201,"a.Misspecified delay
 Immediate effect"
3,36,0,0.568051498338983,1,0.568051498338983,23.8776,"a.Misspecified delay
 Immediate effect"
4,48,0,-0.618873040548629,1,-0.618873040548629,24.1879,"a.Misspecified delay
 Immediate effect"
5,72,0,0.313369438883806,1,0.313369438883806,25.0092,"a.Misspecified delay
 Immediate effect"
6,96,0,-0.0601954117289566,1,-0.0601954117289566,26.1864,"a.Misspecified delay
 Immediate effect"
7,120,0,1.3983766207975,1,1.3983766207975,27.8528,"a.Misspecified delay
 Immediate effect"
8,144,0,0.792618717701712,1,0.792618717701712,30.17,"a.Misspecified delay
 Immediate effect"
1,0,0,0.0351000017727088,1,0.0351000017727088,96.1597,"a.Misspecified delay
 Immediate effect"
2,24,0,1.3983766207975,1,1.3983766207975,23.604,"a.Misspecified delay
 Immediate effect"
3,36,0,-0.530161445055519,1,-0.530161445055519,23.8475,"a.Misspecified delay
 Immediate effect"
4,48,0,-0.785773831524484,1,-0.785773831524484,24.1387,"a.Misspecified delay
 Immediate effect"
5,72,0,-1.04504969965839,1,-1.04504969965839,24.9015,"a.Misspecified delay
 Immediate effect"
6,96,0,-1.45380635894057,1,-1.45380635894057,25.981,"a.Misspecified delay
 Immediate effect"
7,120,0,-1.95996398454005,1,-1.95996398454005,27.4919,"a.Misspecified delay
 Immediate effect"
8,144,0,-1.05812161768478,1,-1.05812161768478,29.574,"a.Misspecified delay
 Immediate effect"
1,0,0,-0.768820293458062,1,-0.768820293458062,96.1597,"a.Misspecified delay
 Immediate effect"
2,24,0,0.99857627061566,1,0.99857627061566,23.612,"a.Misspecified delay
 Immediate effect"
3,36,0,0.439913165673234,1,0.439913165673234,23.8629,"a.Misspecified delay
 Immediate effect"
4,48,0,-0.573952418568573,1,-0.573952418568573,24.1641,"a.Misspecified delay
 Immediate effect"
1,0,0,0.60376483779863,1,0.60376483779863,96.1597,"a.Misspecified delay
 Immediate effect"
2,24,0,1.89569792399184,1,1.89569792399184,23.612,"a.Misspecified delay
 Immediate effect"
3,36,0,1.39174377939633,1,1.39174377939633,23.8629,"a.Misspecified delay
 Immediate effect"
4,48,0,0.230118100657266,1,0.230118100657266,24.1641,"a.Misspecified delay
 Immediate effect"
5,72,0,-0.658837692736188,1,-0.658837692736188,24.9573,"a.Misspecified delay
 Immediate effect"
6,96,0,-0.0928786087772564,1,-0.0928786087772564,26.0878,"a.Misspecified delay
 Immediate effect"
7,120,0,-0.173828812501662,1,-0.173828812501662,27.6796,"a.Misspecified delay
 Immediate effect"
8,144,0,0.248173718459313,1,0.248173718459313,29.8839,"a.Misspecified delay
 Immediate effect"
1,0,0,-0.98220269533347,1,-0.98220269533347,96.1597,"a.Misspecified delay
 Immediate effect"
2,24,0,1.27587417914913,1,1.27587417914913,23.6573,"a.Misspecified delay
 Immediate effect"
3,36,0,0.102953344255004,1,0.102953344255004,23.9482,"a.Misspecified delay
 Immediate effect"
4,48,0,-1.44663206715898,1,-1.44663206715898,24.3043,"a.Misspecified delay
 Immediate effect"
5,72,0,-0.26371439822153,1,-0.26371439822153,25.2695,"a.Misspecified delay
 Immediate effect"
6,96,0,-0.0351000017727088,1,-0.0351000017727088,26.6929,"a.Misspecified delay
 Immediate effect"
7,120,0,-0.245589523422081,1,-0.245589523422081,28.7576,"a.Misspecified delay
 Immediate effect"
8,144,0,0.0828132919318813,1,0.0828132919318813,31.6812,"a.Misspecified delay
 Immediate effect"
1,0,0,-0.83449873482574,1,-0.83449873482574,96.1597,"a.Misspecified delay
 Immediate effect"
2,24,0,2.09692742916434,1,2.09692742916434,23.6436,"a.Misspecified delay
 Immediate effect"
3,36,0,0.658837692736188,1,0.658837692736188,23.9216,"a.Misspecified delay
 Immediate effect"
4,48,0,-0.29761110223348,1,-0.29761110223348,24.2599,"a.Misspecified delay
 Immediate effect"
5,72,0,-0.738846849185214,1,-0.738846849185214,25.1684,"a.Misspecified delay
 Immediate effect"
6,96,0,-0.321277639545996,1,-0.321277639545996,26.4938,"a.Misspecified delay
 Immediate effect"
7,120,0,0.693493346283289,1,0.693493346283289,28.3987,"a.Misspecified delay
 Immediate effect"
8,144,0,0.813380388213404,1,0.813380388213404,31.0783,"a.Misspecified delay
 Immediate effect"
1,0,0,-1.1263911290388,1,-1.1263911290388,96.1597,"a.Misspecified delay
 Immediate effect"
2,24,0,1.15034938037601,1,1.15034938037601,23.6403,"a.Misspecified delay
 Immediate effect"
3,36,0,-0.158579729753843,1,-0.158579729753843,23.9159,"a.Misspecified delay
 Immediate effect"
4,48,0,-0.507220660586946,1,-0.507220660586946,24.2509,"a.Misspecified delay
 Immediate effect"
5,72,0,-0.655726678798253,1,-0.655726678798253,25.149,"a.Misspecified delay
 Immediate effect"
6,96,0,-0.168741467620538,1,-0.168741467620538,26.4568,"a.Misspecified delay
 Immediate effect"
7,120,0,0.606775363514265,1,0.606775363514265,28.3334,"a.Misspecified delay
 Immediate effect"
1,0,0,0.582841507271216,1,0.582841507271216,96.1597,"a.Misspecified delay
 Immediate effect"
2,24,0,1.62576338623323,1,1.62576338623323,23.609,"a.Misspecified delay
 Immediate effect"
3,36,0,-0.0526635268940685,1,-0.0526635268940685,23.8568,"a.Misspecified delay
 Immediate effect"
4,48,0,-1.59819313992282,1,-1.59819313992282,24.1539,"a.Misspecified delay
 Immediate effect"
5,72,0,-1.16011988299752,1,-1.16011988299752,24.9346,"a.Misspecified delay
 Immediate effect"
6,96,0,-1.01103432814182,1,-1.01103432814182,26.0439,"a.Misspecified delay
 Immediate effect"
7,120,0,-1.57178681650986,1,-1.57178681650986,27.602,"a.Misspecified delay
 Immediate effect"
1,0,0,0.0677307130042592,1,0.0677307130042592,96.1597,"a.Misspecified delay
 Immediate effect"
2,24,0,0.224973358313811,1,0.224973358313811,23.6139,"a.Misspecified delay
 Immediate effect"
3,36,0,-0.00250663089957177,1,-0.00250663089957177,23.8657,"a.Misspecified delay
 Immediate effect"
4,48,0,-1.38517160821344,1,-1.38517160821344,24.1681,"a.Misspecified delay
 Immediate effect"
5,72,0,-0.530161445055519,1,-0.530161445055519,24.965,"a.Misspecified delay
 Immediate effect"
6,96,0,0.0928786087772565,1,0.0928786087772565,26.1013,"a.Misspecified delay
 Immediate effect"
7,120,0,1.03215395795931,1,1.03215395795931,27.7023,"a.Misspecified delay
 Immediate effect"
1,0,0,-0.504371986238381,1,-0.504371986238381,96.1597,"a.Misspecified delay
 Immediate effect"
2,24,0,1.71688601843104,1,1.71688601843104,23.6307,"a.Misspecified delay
 Immediate effect"
3,36,0,0.863250051593421,1,0.863250051593421,23.8973,"a.Misspecified delay
 Immediate effect"
4,48,0,-0.0426255851769444,1,-0.0426255851769444,24.2198,"a.Misspecified delay
 Immediate effect"
5,72,0,-0.53594002664749,1,-0.53594002664749,25.079,"a.Misspecified delay
 Immediate effect"
6,96,0,-0.775574942818884,1,-0.775574942818884,26.3202,"a.Misspecified delay
 Immediate effect"
7,120,0,-0.690308823933034,1,-0.690308823933034,28.0891,"a.Misspecified delay
 Immediate effect"
1,0,0,-0.926858512816044,1,-0.926858512816044,96.1597,"a.Misspecified delay
 Immediate effect"
2,24,0,1.06251930227087,1,1.06251930227087,23.6384,"a.Misspecified delay
 Immediate effect"
3,36,0,-0.412463129441405,1,-0.412463129441405,23.9123,"a.Misspecified delay
 Immediate effect"
4,48,0,-0.232692749183045,1,-0.232692749183045,24.245,"a.Misspecified delay
 Immediate effect"
5,72,0,0.243006967409982,1,0.243006967409982,25.1357,"a.Misspecified delay
 Immediate effect"
6,96,0,1.13113090083863,1,1.13113090083863,26.431,"a.Misspecified delay
 Immediate effect"
7,120,0,1.64485362695147,1,1.64485362695147,28.2872,"a.Misspecified delay
 Immediate effect"
1,0,0,0.0601954117289566,1,0.0601954117289566,96.1597,"a.Misspecified delay
 Immediate effect"
2,24,0,3.09023230616781,1,3.09023230616781,23.633,"a.Misspecified delay
 Immediate effect"
3,36,0,0.0275764057393917,1,0.0275764057393917,23.902,"a.Misspecified delay
 Immediate effect"
4,48,0,-0.355787114034875,1,-0.355787114034875,24.228,"a.Misspecified delay
 Immediate effect"
5,72,0,-0.863250051593421,1,-0.863250051593421,25.0979,"a.Misspecified delay
 Immediate effect"
6,96,0,-0.326560927412373,1,-0.326560927412373,26.3574,"a.Misspecified delay
 Immediate effect"
7,120,0,0.135773931302112,1,0.135773931302112,28.1561,"a.Misspecified delay
 Immediate effect"
1,0,0,0.0551738021383168,1,0.0551738021383168,96.1597,"a.Misspecified delay
 Immediate effect"
2,24,0,0.792618717701712,1,0.792618717701712,23.6403,"a.Misspecified delay
 Immediate effect"
3,36,0,-0.527278791439508,1,-0.527278791439508,23.9159,"a.Misspecified delay
 Immediate effect"
4,48,0,-1.79911810683797,1,-1.79911810683797,24.2509,"a.Misspecified delay
 Immediate effect"
5,72,0,-2.32634787404084,1,-2.32634787404084,25.149,"a.Misspecified delay
 Immediate effect"
6,96,0,-2.36561812686429,1,-2.36561812686429,26.4568,"a.Misspecified delay
 Immediate effect"
7,120,0,-2.19728637664105,1,-2.19728637664105,28.3334,"a.Misspecified delay
 Immediate effect"
1,0,0,-0.358458793251194,1,-0.358458793251194,96.1597,"a.Misspecified delay
 Immediate effect"
2,24,0,2.22621176931717,1,2.22621176931717,23.6148,"a.Misspecified delay
 Immediate effect"
3,36,0,0.658837692736188,1,0.658837692736188,23.868,"a.Misspecified delay
 Immediate effect"
4,48,0,-0.643345405392917,1,-0.643345405392917,24.1725,"a.Misspecified delay
 Immediate effect"
5,72,0,-1.89569792399184,1,-1.89569792399184,24.9758,"a.Misspecified delay
 Immediate effect"
6,96,0,-0.255936331743693,1,-0.255936331743693,26.123,"a.Misspecified delay
 Immediate effect"
7,120,0,-0.915365087842814,1,-0.915365087842814,27.7416,"a.Misspecified delay
 Immediate effect"
1,0,0,-0.962098753913142,1,-0.962098753913142,96.1597,"a.Misspecified delay
 Immediate effect"
2,24,0,0.758753544504371,1,0.758753544504371,23.6112,"a.Misspecified delay
 Immediate effect"
3,36,0,-1.92683657326391,1,-1.92683657326391,23.8606,"a.Misspecified delay
 Immediate effect"
4,48,0,-1.01522203321703,1,-1.01522203321703,24.1599,"a.Misspecified delay
 Immediate effect"
5,72,0,-1.63523401538865,1,-1.63523401538865,24.947,"a.Misspecified delay
 Immediate effect"
6,96,0,-1.22652812003661,1,-1.22652812003661,26.067,"a.Misspecified delay
 Immediate effect"
7,120,0,-1.2107271327916,1,-1.2107271327916,27.6419,"a.Misspecified delay
 Immediate effect"
1,0,0,0.456542383839841,1,0.456542383839841,96.1597,"a.Misspecified delay
 Immediate effect"
2,24,0,0.823893630338558,1,0.823893630338558,23.6139,"a.Misspecified delay
 Immediate effect"
3,36,0,-1.01942761823437,1,-1.01942761823437,23.8657,"a.Misspecified delay
 Immediate effect"
4,48,0,-1.53006758813783,1,-1.53006758813783,24.1681,"a.Misspecified delay
 Immediate effect"
5,72,0,-0.742144154395409,1,-0.742144154395409,24.965,"a.Misspecified delay
 Immediate effect"
6,96,0,-0.889005730601025,1,-0.889005730601025,26.1013,"a.Misspecified delay
 Immediate effect"
7,120,0,-0.7322762047231,1,-0.7322762047231,27.7023,"a.Misspecified delay
 Immediate effect"
1,0,0,0.45376219016988,1,0.45376219016988,96.1597,"a.Misspecified delay
 Immediate effect"
2,24,0,1.86629574345811,1,1.86629574345811,23.6064,"a.Misspecified delay
 Immediate effect"
3,36,0,2.05374891063182,1,2.05374891063182,23.852,"a.Misspecified delay
 Immediate effect"
4,48,0,1.09389735260344,1,1.09389735260344,24.1462,"a.Misspecified delay
 Immediate effect"
5,72,0,1.70604339688896,1,1.70604339688896,24.9177,"a.Misspecified delay
 Immediate effect"
6,96,0,2.22621176931717,1,2.22621176931717,26.0118,"a.Misspecified delay
 Immediate effect"
7,120,0,2.5758293035489,1,2.5758293035489,27.5458,"a.Misspecified delay
 Immediate effect"
1,0,0,1.01103432814182,1,1.01103432814182,96.1597,"a.Misspecified delay
 Immediate effect"
2,24,0,1.47579102817917,1,1.47579102817917,23.6064,"a.Misspecified delay
 Immediate effect"
3,36,0,0.0376082876612559,1,0.0376082876612559,23.852,"a.Misspecified delay
 Immediate effect"
4,48,0,-0.48172684958473,1,-0.48172684958473,24.1462,"a.Misspecified delay
 Immediate effect"
5,72,0,-0.896473364001916,1,-0.896473364001916,24.9177,"a.Misspecified delay
 Immediate effect"
6,96,0,-1.03643338949379,1,-1.03643338949379,26.0118,"a.Misspecified delay
 Immediate effect"
7,120,0,0.510073456968595,1,0.510073456968595,27.5458,"a.Misspecified delay
 Immediate effect"
1,0,0,-0.464904287509594,1,-0.464904287509594,96.1597,"a.Misspecified delay
 Immediate effect"
2,24,0,1.18000054034773,1,1.18000054034773,23.6064,"a.Misspecified delay
 Immediate effect"
3,36,0,-0.677639964877996,1,-0.677639964877996,23.852,"a.Misspecified delay
 Immediate effect"
4,48,0,-1.53819885858406,1,-1.53819885858406,24.1462,"a.Misspecified delay
 Immediate effect"
5,72,0,-1.8250068211464,1,-1.8250068211464,24.9177,"a.Misspecified delay
 Immediate effect"
6,96,0,-1.43250272082581,1,-1.43250272082581,26.0118,"a.Misspecified delay
 Immediate effect"
7,120,0,-1.35946274541826,1,-1.35946274541826,27.5458,"a.Misspecified delay
 Immediate effect"
1,0,0,-0.0828132919318812,1,-0.0828132919318812,96.1597,"a.Misspecified delay
 Immediate effect"
2,24,0,1.56322364686628,1,1.56322364686628,23.5831,"a.Misspecified delay
 Immediate effect"
3,36,0,-0.0828132919318812,1,-0.0828132919318812,23.8087,"a.Misspecified delay
 Immediate effect"
4,48,0,-0.201893479141851,1,-0.201893479141851,24.076,"a.Misspecified delay
 Immediate effect"
5,72,0,-1.42554403708045,1,-1.42554403708045,24.7663,"a.Misspecified delay
 Immediate effect"
6,96,0,-1.41183007750081,1,-1.41183007750081,25.7267,"a.Misspecified delay
 Immediate effect"
7,120,0,-0.7322762047231,1,-0.7322762047231,27.0506,"a.Misspecified delay
 Immediate effect"
1,0,0,0.14843434105449,1,0.14843434105449,96.1597,"a.Misspecified delay
 Immediate effect"
2,24,0,1.69539771027214,1,1.69539771027214,23.6201,"a.Misspecified delay
 Immediate effect"
3,36,0,0.284535542671622,1,0.284535542671622,23.8776,"a.Misspecified delay
 Immediate effect"
4,48,0,-0.99857627061566,1,-0.99857627061566,24.1879,"a.Misspecified delay
 Immediate effect"
5,72,0,0.271508452017839,1,0.271508452017839,25.0092,"a.Misspecified delay
 Immediate effect"
6,96,0,0.271508452017839,1,0.271508452017839,26.1864,"a.Misspecified delay
 Immediate effect"
7,120,0,0.643345405392917,1,0.643345405392917,27.8528,"a.Misspecified delay
 Immediate effect"
1,0,0,0.342466301465391,1,0.342466301465391,96.1597,"a.Misspecified delay
 Immediate effect"
2,24,0,1.63523401538865,1,1.63523401538865,23.6019,"a.Misspecified delay
 Immediate effect"
3,36,0,0.570999473112987,1,0.570999473112987,23.844,"a.Misspecified delay
 Immediate effect"
4,48,0,-1.41865370617274,1,-1.41865370617274,24.1333,"a.Misspecified delay
 Immediate effect"
5,72,0,-1.78661336549347,1,-1.78661336549347,24.8903,"a.Misspecified delay
 Immediate effect"
6,96,0,-1.73919766528525,1,-1.73919766528525,25.9602,"a.Misspecified delay
 Immediate effect"
7,120,0,-0.0225615683902247,1,-0.0225615683902247,27.4561,"a.Misspecified delay
 Immediate effect"
1,0,0,0.946291357961576,1,0.946291357961576,96.1597,"a.Misspecified delay
 Immediate effect"
2,24,0,2.6520698079022,1,2.6520698079022,23.633,"a.Misspecified delay
 Immediate effect"
3,36,0,1.56322364686628,1,1.56322364686628,23.902,"a.Misspecified delay
 Immediate effect"
4,48,0,-0.138304207961404,1,-0.138304207961404,24.228,"a.Misspecified delay
 Immediate effect"
5,72,0,-0.209574222889649,1,-0.209574222889649,25.0979,"a.Misspecified delay
 Immediate effect"
6,96,0,-0.661955096288162,1,-0.661955096288162,26.3574,"a.Misspecified delay
 Immediate effect"
7,120,0,-0.696684917063051,1,-0.696684917063051,28.1561,"a.Misspecified delay
 Immediate effect"
2,24,0,0.649523595844325,1,0.649523595844325,34.2373,"b.Misspecified delay
 Effect compartment"
3,36,0,0.135773931302112,1,0.135773931302112,24.7951,"b.Misspecified delay
 Effect compartment"
4,48,0,0.25852727731631,1,0.25852727731631,20.6971,"b.Misspecified delay
 Effect compartment"
5,72,0,1.08482312794196,1,1.08482312794196,20.1366,"b.Misspecified delay
 Effect compartment"
6,96,0,1.30468538522879,1,1.30468538522879,24.7098,"b.Misspecified delay
 Effect compartment"
7,120,0,1.91103564754912,1,1.91103564754912,31.8926,"b.Misspecified delay
 Effect compartment"
8,144,0,2.19728637664105,1,2.19728637664105,40.3819,"b.Misspecified delay
 Effect compartment"
1,0,0,0.926858512816044,1,0.926858512816044,96.1604,"b.Misspecified delay
 Effect compartment"
2,24,0,-0.643345405392917,1,-0.643345405392917,34.2373,"b.Misspecified delay
 Effect compartment"
3,36,0,-0.0250689082587111,1,-0.0250689082587111,24.7951,"b.Misspecified delay
 Effect compartment"
4,48,0,0.377233616761812,1,0.377233616761812,20.6971,"b.Misspecified delay
 Effect compartment"
5,72,0,0.26890862445371,1,0.26890862445371,20.1366,"b.Misspecified delay
 Effect compartment"
6,96,0,0.621911595580624,1,0.621911595580624,24.7098,"b.Misspecified delay
 Effect compartment"
7,120,0,0.284535542671622,1,0.284535542671622,31.8926,"b.Misspecified delay
 Effect compartment"
1,0,0,-0.541736560112817,1,-0.541736560112817,96.1604,"b.Misspecified delay
 Effect compartment"
2,24,0,-0.606775363514265,1,-0.606775363514265,34.2373,"b.Misspecified delay
 Effect compartment"
3,36,0,-0.113038540644565,1,-0.113038540644565,24.7951,"b.Misspecified delay
 Effect compartment"
4,48,0,-0.250759571882916,1,-0.250759571882916,20.6971,"b.Misspecified delay
 Effect compartment"
5,72,0,-0.222403226927206,1,-0.222403226927206,20.1366,"b.Misspecified delay
 Effect compartment"
6,96,0,-0.374543499199443,1,-0.374543499199443,24.7098,"b.Misspecified delay
 Effect compartment"
7,120,0,-1.03643338949379,1,-1.03643338949379,31.8926,"b.Misspecified delay
 Effect compartment"
8,144,0,-1.16011988299752,1,-1.16011988299752,40.3819,"b.Misspecified delay
 Effect compartment"
1,0,0,-0.866894166636438,1,-0.866894166636438,96.1604,"b.Misspecified delay
 Effect compartment"
2,24,0,-0.693493346283289,1,-0.693493346283289,33.9126,"b.Misspecified delay
 Effect compartment"
3,36,0,-0.219834563805069,1,-0.219834563805069,24.2777,"b.Misspecified delay
 Effect compartment"
4,48,0,-0.310737745487592,1,-0.310737745487592,19.9931,"b.Misspecified delay
 Effect compartment"
5,72,0,-0.207012623385187,1,-0.207012623385187,19.0646,"b.Misspecified delay
 Effect compartment"
6,96,0,-0.60979139867408,1,-0.60979139867408,23.2792,"b.Misspecified delay
 Effect compartment"
7,120,0,-0.892733324320856,1,-0.892733324320856,30.1382,"b.Misspecified delay
 Effect compartment"
8,144,0,-0.813380388213404,1,-0.813380388213404,38.3743,"b.Misspecified delay
 Effect compartment"
1,0,0,1.64485362695147,1,1.64485362695147,96.1604,"b.Misspecified delay
 Effect compartment"
2,24,0,0.631061979059499,1,0.631061979059499,35.1468,"b.Misspecified delay
 Effect compartment"
3,36,0,0.102953344255004,1,0.102953344255004,26.2837,"b.Misspecified delay
 Effect compartment"
4,48,0,1.1030625561996,1,1.1030625561996,22.7461,"b.Misspecified delay
 Effect compartment"
5,72,0,1.64485362695147,1,1.64485362695147,23.2771,"b.Misspecified delay
 Effect compartment"
6,96,0,1.77438191034496,1,1.77438191034496,28.8807,"b.Misspecified delay
 Effect compartment"
7,120,0,2.5758293035489,1,2.5758293035489,36.9447,"b.Misspecified delay
 Effect compartment"
8,144,0,2.19728637664105,1,2.19728637664105,46.0569,"b.Misspecified delay
 Effect compartment"
1,0,0,-1.07583736104043,1,-1.07583736104043,96.1604,"b.Misspecified delay
 Effect compartment"
2,24,0,0.240426031142308,1,0.240426031142308,33.996,"b.Misspecified delay
 Effect compartment"
3,36,0,0.19167090224842,1,0.19167090224842,24.4234,"b.Misspecified delay
 Effect compartment"
4,48,0,-0.178920660271312,1,-0.178920660271312,20.2,"b.Misspecified delay
 Effect compartment"
5,72,0,0.715985989610205,1,0.715985989610205,19.3928,"b.Misspecified delay
 Effect compartment"
6,96,0,0.407010876264466,1,0.407010876264466,23.7265,"b.Misspecified delay
 Effect compartment"
7,120,0,0.962098753913142,1,0.962098753913142,30.6943,"b.Misspecified delay
 Effect compartment"
8,144,0,1.0493870846841,1,1.0493870846841,39.0176,"b.Misspecified delay
 Effect compartment"
2,24,0,-0.374543499199443,1,-0.374543499199443,34.4018,"b.Misspecified delay
 Effect compartment"
3,36,0,-0.2533471031358,1,-0.2533471031358,25.0739,"b.Misspecified delay
 Effect compartment"
4,48,0,-0.0903614371292586,1,-0.0903614371292586,21.0873,"b.Misspecified delay
 Effect compartment"
5,72,0,-0.60376483779863,1,-0.60376483779863,20.7461,"b.Misspecified delay
 Effect compartment"
6,96,0,-0.855995985492682,1,-0.855995985492682,25.5307,"b.Misspecified delay
 Effect compartment"
7,120,0,-0.597760126042478,1,-0.597760126042478,32.901,"b.Misspecified delay
 Effect compartment"
8,144,0,-0.772193214188685,1,-0.772193214188685,41.5323,"b.Misspecified delay
 Effect compartment"
1,0,0,2.01409081201814,1,2.01409081201814,96.1604,"b.Misspecified delay
 Effect compartment"
2,24,0,0.0677307130042592,1,0.0677307130042592,33.7213,"b.Misspecified delay
 Effect compartment"
3,36,0,0.201893479141851,1,0.201893479141851,23.966,"b.Misspecified delay
 Effect compartment"
4,48,0,0.768820293458062,1,0.768820293458062,19.5642,"b.Misspecified delay
 Effect compartment"
5,72,0,0.722479051928063,1,0.722479051928063,18.403,"b.Misspecified delay
 Effect compartment"
6,96,0,1.00686427879852,1,1.00686427879852,22.3884,"b.Misspecified delay
 Effect compartment"
7,120,0,1.20552679597252,1,1.20552679597252,29.0359,"b.Misspecified delay
 Effect compartment"
8,144,0,1.3983766207975,1,1.3983766207975,37.1,"b.Misspecified delay
 Effect compartment"
1,0,0,-0.671346214877805,1,-0.671346214877805,96.1604,"b.Misspecified delay
 Effect compartment"
2,24,0,0.347787204278627,1,0.347787204278627,34.7285,"b.Misspecified delay
 Effect compartment"
3,36,0,-0.361133033557212,1,-0.361133033557212,25.6048,"b.Misspecified delay
 Effect compartment"
4,48,0,-0.123135247734837,1,-0.123135247734837,21.816,"b.Misspecified delay
 Effect compartment"
5,72,0,0.245589523422081,1,0.245589523422081,21.8608,"b.Misspecified delay
 Effect compartment"
6,96,0,-0.107994569409154,1,-0.107994569409154,27.0121,"b.Misspecified delay
 Effect compartment"
7,120,0,0.321277639545996,1,0.321277639545996,34.6994,"b.Misspecified delay
 Effect compartment"
8,144,0,0.14843434105449,1,0.14843434105449,43.5595,"b.Misspecified delay
 Effect compartment"
1,0,0,1.38517160821344,1,1.38517160821344,96.1604,"b.Misspecified delay
 Effect compartment"
2,24,0,0.456542383839841,1,0.456542383839841,34.1358,"b.Misspecified delay
 Effect compartment"
3,36,0,0.29761110223348,1,0.29761110223348,24.6411,"b.Misspecified delay
 Effect compartment"
4,48,0,-0.176374164780861,1,-0.176374164780861,20.4927,"b.Misspecified delay
 Effect compartment"
5,72,0,0.706302562840088,1,0.706302562840088,19.8334,"b.Misspecified delay
 Effect compartment"
6,96,0,0.161118588510745,1,0.161118588510745,24.311,"b.Misspecified delay
 Effect compartment"
7,120,0,1.13589622116731,1,1.13589622116731,31.4086,"b.Misspecified delay
 Effect compartment"
8,144,0,0.173828812501662,1,0.173828812501662,39.8329,"b.Misspecified delay
 Effect compartment"
1,0,0,0.0451346284814213,1,0.0451346284814213,96.1604,"b.Misspecified delay
 Effect compartment"
2,24,0,0.0903614371292588,1,0.0903614371292588,33.8721,"b.Misspecified delay
 Effect compartment"
3,36,0,-0.407010876264466,1,-0.407010876264466,24.2117,"b.Misspecified delay
 Effect compartment"
4,48,0,-0.279319034447454,1,-0.279319034447454,19.9023,"b.Misspecified delay
 Effect compartment"
5,72,0,-0.292374896226804,1,-0.292374896226804,18.9246,"b.Misspecified delay
 Effect compartment"
6,96,0,-0.841621233572914,1,-0.841621233572914,23.091,"b.Misspecified delay
 Effect compartment"
7,120,0,-1.55477359459685,1,-1.55477359459685,29.9057,"b.Misspecified delay
 Effect compartment"
8,144,0,-1.39174377939633,1,-1.39174377939633,38.1062,"b.Misspecified delay
 Effect compartment"
1,0,0,-1.15522084661195,1,-1.15522084661195,96.1604,"b.Misspecified delay
 Effect compartment"
2,24,0,-0.186567181836519,1,-0.186567181836519,33.996,"b.Misspecified delay
 Effect compartment"
3,36,0,0.281926329587061,1,0.281926329587061,24.4234,"b.Misspecified delay
 Effect compartment"
4,48,0,-0.0551738021383168,1,-0.0551738021383168,20.2,"b.Misspecified delay
 Effect compartment"
1,0,0,0.816874765500164,1,0.816874765500164,96.1604,"b.Misspecified delay
 Effect compartment"
2,24,0,0.484543782441079,1,0.484543782441079,33.996,"b.Misspecified delay
 Effect compartment"
3,36,0,0.990356294213575,1,0.990356294213575,24.4234,"b.Misspecified delay
 Effect compartment"
4,48,0,0.53883603027845,1,0.53883603027845,20.2,"b.Misspecified delay
 Effect compartment"
5,72,0,0.0777838416469152,1,0.0777838416469152,19.3928,"b.Misspecified delay
 Effect compartment"
6,96,0,0.227544976641149,1,0.227544976641149,23.7265,"b.Misspecified delay
 Effect compartment"
7,120,0,-0.266310613204095,1,-0.266310613204095,30.6943,"b.Misspecified delay
 Effect compartment"
8,144,0,-0.271508452017839,1,-0.271508452017839,39.0176,"b.Misspecified delay
 Effect compartment"
1,0,0,-1.34075503369022,1,-1.34075503369022,96.1604,"b.Misspecified delay
 Effect compartment"
2,24,0,-0.0225615683902247,1,-0.0225615683902247,34.7285,"b.Misspecified delay
 Effect compartment"
3,36,0,-0.0601954117289566,1,-0.0601954117289566,25.6048,"b.Misspecified delay
 Effect compartment"
4,48,0,-0.820379145968461,1,-0.820379145968461,21.816,"b.Misspecified delay
 Effect compartment"
5,72,0,0.14843434105449,1,0.14843434105449,21.8608,"b.Misspecified delay
 Effect compartment"
6,96,0,-0.0501535834647337,1,-0.0501535834647337,27.0121,"b.Misspecified delay
 Effect compartment"
7,120,0,-0.541736560112817,1,-0.541736560112817,34.6994,"b.Misspecified delay
 Effect compartment"
8,144,0,-0.649523595844325,1,-0.649523595844325,43.5595,"b.Misspecified delay
 Effect compartment"
1,0,0,-1.24808481112755,1,-1.24808481112755,96.1604,"b.Misspecified delay
 Effect compartment"
2,24,0,0.553384719555673,1,0.553384719555673,34.5242,"b.Misspecified delay
 Effect compartment"
3,36,0,0.326560927412373,1,0.326560927412373,25.2599,"b.Misspecified delay
 Effect compartment"
4,48,0,0.110516203562042,1,0.110516203562042,21.3342,"b.Misspecified delay
 Effect compartment"
5,72,0,-0.105473621768868,1,-0.105473621768868,21.1116,"b.Misspecified delay
 Effect compartment"
6,96,0,-0.0802983128920549,1,-0.0802983128920549,26.0093,"b.Misspecified delay
 Effect compartment"
7,120,0,0.374543499199443,1,0.374543499199443,33.4779,"b.Misspecified delay
 Effect compartment"
8,144,0,0.194224627598883,1,0.194224627598883,42.1808,"b.Misspecified delay
 Effect compartment"
1,0,0,-1.76241029786239,1,-1.76241029786239,96.1604,"b.Misspecified delay
 Effect compartment"
2,24,0,-0.0878448378958717,1,-0.0878448378958717,34.4616,"b.Misspecified delay
 Effect compartment"
3,36,0,-0.135773931302112,1,-0.135773931302112,25.171,"b.Misspecified delay
 Effect compartment"
4,48,0,-0.0903614371292586,1,-0.0903614371292586,21.2207,"b.Misspecified delay
 Effect compartment"
5,72,0,-0.102953344255004,1,-0.102953344255004,20.9505,"b.Misspecified delay
 Effect compartment"
6,96,0,0.0652185397095437,1,0.0652185397095437,25.803,"b.Misspecified delay
 Effect compartment"
7,120,0,0.292374896226804,1,0.292374896226804,33.2327,"b.Misspecified delay
 Effect compartment"
1,0,0,0.855995985492682,1,0.855995985492682,96.1604,"b.Misspecified delay
 Effect compartment"
2,24,0,0.115561597105383,1,0.115561597105383,33.9544,"b.Misspecified delay
 Effect compartment"
3,36,0,-0.133244523611124,1,-0.133244523611124,24.3458,"b.Misspecified delay
 Effect compartment"
4,48,0,-0.84519853528205,1,-0.84519853528205,20.0867,"b.Misspecified delay
 Effect compartment"
5,72,0,-0.321277639545996,1,-0.321277639545996,19.2088,"b.Misspecified delay
 Effect compartment"
6,96,0,-0.550465695020113,1,-0.550465695020113,23.4731,"b.Misspecified delay
 Effect compartment"
7,120,0,-1.2107271327916,1,-1.2107271327916,30.3774,"b.Misspecified delay
 Effect compartment"
1,0,0,0.0928786087772565,1,0.0928786087772565,96.1604,"b.Misspecified delay
 Effect compartment"
2,24,0,-0.680796918764575,1,-0.680796918764575,34.0435,"b.Misspecified delay
 Effect compartment"
3,36,0,-0.0752698620998299,1,-0.0752698620998299,24.4808,"b.Misspecified delay
 Effect compartment"
4,48,0,-0.655726678798253,1,-0.655726678798253,20.2658,"b.Misspecified delay
 Effect compartment"
5,72,0,0.095396369056892,1,0.095396369056892,19.4748,"b.Misspecified delay
 Effect compartment"
6,96,0,0.382622075162534,1,0.382622075162534,23.8239,"b.Misspecified delay
 Effect compartment"
7,120,0,0.830953320559838,1,0.830953320559838,30.8051,"b.Misspecified delay
 Effect compartment"
1,0,0,-0.624955903494687,1,-0.624955903494687,96.1604,"b.Misspecified delay
 Effect compartment"
2,24,0,0.209574222889649,1,0.209574222889649,34.3175,"b.Misspecified delay
 Effect compartment"
3,36,0,0.48172684958473,1,0.48172684958473,24.9251,"b.Misspecified delay
 Effect compartment"
4,48,0,0.189118426272792,1,0.189118426272792,20.8753,"b.Misspecified delay
 Effect compartment"
5,72,0,-0.00751995569854052,1,-0.00751995569854052,20.4098,"b.Misspecified delay
 Effect compartment"
6,96,0,-0.431644239383956,1,-0.431644239383956,25.0745,"b.Misspecified delay
 Effect compartment"
7,120,0,-0.690308823933034,1,-0.690308823933034,32.3387,"b.Misspecified delay
 Effect compartment"
1,0,0,-1.43250272082581,1,-1.43250272082581,96.1604,"b.Misspecified delay
 Effect compartment"
2,24,0,-0.219834563805069,1,-0.219834563805069,34.4314,"b.Misspecified delay
 Effect compartment"
3,36,0,-0.281926329587061,1,-0.281926329587061,25.122,"b.Misspecified delay
 Effect compartment"
4,48,0,0.14843434105449,1,0.14843434105449,21.1533,"b.Misspecified delay
 Effect compartment"
5,72,0,0.515791557046827,1,0.515791557046827,20.8473,"b.Misspecified delay
 Effect compartment"
6,96,0,1.12167652792549,1,1.12167652792549,25.6655,"b.Misspecified delay
 Effect compartment"
7,120,0,1.62576338623323,1,1.62576338623323,33.0653,"b.Misspecified delay
 Effect compartment"
1,0,0,0.0250689082587111,1,0.0250689082587111,96.1604,"b.Misspecified delay
 Effect compartment"
2,24,0,1.21596041970732,1,1.21596041970732,34.3444,"b.Misspecified delay
 Effect compartment"
3,36,0,-0.0953963690568919,1,-0.0953963690568919,24.9806,"b.Misspecified delay
 Effect compartment"
4,48,0,0.0652185397095437,1,0.0652185397095437,20.9592,"b.Misspecified delay
 Effect compartment"
5,72,0,-0.189118426272792,1,-0.189118426272792,20.5497,"b.Misspecified delay
 Effect compartment"
6,96,0,-0.0551738021383168,1,-0.0551738021383168,25.2687,"b.Misspecified delay
 Effect compartment"
7,120,0,-0.125661346855074,1,-0.125661346855074,32.5813,"b.Misspecified delay
 Effect compartment"
1,0,0,0.095396369056892,1,0.095396369056892,96.1604,"b.Misspecified delay
 Effect compartment"
2,24,0,-0.417927671669482,1,-0.417927671669482,34.4616,"b.Misspecified delay
 Effect compartment"
3,36,0,-0.562170292257926,1,-0.562170292257926,25.171,"b.Misspecified delay
 Effect compartment"
4,48,0,-1.03643338949379,1,-1.03643338949379,21.2207,"b.Misspecified delay
 Effect compartment"
5,72,0,-1.24264141857788,1,-1.24264141857788,20.9505,"b.Misspecified delay
 Effect compartment"
6,96,0,-1.70604339688896,1,-1.70604339688896,25.803,"b.Misspecified delay
 Effect compartment"
7,120,0,-1.79911810683797,1,-1.79911810683797,33.2327,"b.Misspecified delay
 Effect compartment"
1,0,0,-0.498686864142122,1,-0.498686864142122,96.1604,"b.Misspecified delay
 Effect compartment"
2,24,0,0.579873392427704,1,0.579873392427704,34.0406,"b.Misspecified delay
 Effect compartment"
3,36,0,0.388021666217977,1,0.388021666217977,24.4963,"b.Misspecified delay
 Effect compartment"
4,48,0,-0.224973358313812,1,-0.224973358313812,20.3004,"b.Misspecified delay
 Effect compartment"
5,72,0,-0.903991327564402,1,-0.903991327564402,19.5475,"b.Misspecified delay
 Effect compartment"
6,96,0,0.0627067779432138,1,0.0627067779432138,23.9343,"b.Misspecified delay
 Effect compartment"
7,120,0,-0.813380388213404,1,-0.813380388213404,30.9502,"b.Misspecified delay
 Effect compartment"
1,0,0,-1.47579102817917,1,-1.47579102817917,96.1604,"b.Misspecified delay
 Effect compartment"
2,24,0,-0.308108202447355,1,-0.308108202447355,33.999,"b.Misspecified delay
 Effect compartment"
3,36,0,-1.31651871841826,1,-1.31651871841826,24.4086,"b.Misspecified delay
 Effect compartment"
4,48,0,-0.294991988222626,1,-0.294991988222626,20.1667,"b.Misspecified delay
 Effect compartment"
5,72,0,-0.58879321191092,1,-0.58879321191092,19.3225,"b.Misspecified delay
 Effect compartment"
6,96,0,-0.53594002664749,1,-0.53594002664749,23.6197,"b.Misspecified delay
 Effect compartment"
7,120,0,-0.958124465421903,1,-0.958124465421903,30.5537,"b.Misspecified delay
 Effect compartment"
1,0,0,0.680796918764575,1,0.680796918764575,96.1604,"b.Misspecified delay
 Effect compartment"
2,24,0,-0.490189231715209,1,-0.490189231715209,34.0435,"b.Misspecified delay
 Effect compartment"
3,36,0,-0.827418320704382,1,-0.827418320704382,24.4808,"b.Misspecified delay
 Effect compartment"
4,48,0,-0.877896295051228,1,-0.877896295051228,20.2658,"b.Misspecified delay
 Effect compartment"
5,72,0,-0.118085389425553,1,-0.118085389425553,19.4748,"b.Misspecified delay
 Effect compartment"
6,96,0,-0.487364565469441,1,-0.487364565469441,23.8239,"b.Misspecified delay
 Effect compartment"
7,120,0,-0.725737024100805,1,-0.725737024100805,30.8051,"b.Misspecified delay
 Effect compartment"
1,0,0,0.615840188747972,1,0.615840188747972,96.1604,"b.Misspecified delay
 Effect compartment"
2,24,0,0.44544250629172,1,0.44544250629172,33.9126,"b.Misspecified delay
 Effect compartment"
3,36,0,1.43250272082581,1,1.43250272082581,24.2777,"b.Misspecified delay
 Effect compartment"
4,48,0,1.21596041970732,1,1.21596041970732,19.9931,"b.Misspecified delay
 Effect compartment"
5,72,0,1.8250068211464,1,1.8250068211464,19.0646,"b.Misspecified delay
 Effect compartment"
6,96,0,2.45726339020544,1,2.45726339020544,23.2792,"b.Misspecified delay
 Effect compartment"
7,120,0,2.74778138544499,1,2.74778138544499,30.1382,"b.Misspecified delay
 Effect compartment"
1,0,0,1.40507156030963,1,1.40507156030963,96.1604,"b.Misspecified delay
 Effect compartment"
2,24,0,0.102953344255004,1,0.102953344255004,33.9126,"b.Misspecified delay
 Effect compartment"
3,36,0,-0.0727563581760375,1,-0.0727563581760375,24.2777,"b.Misspecified delay
 Effect compartment"
4,48,0,-0.0601954117289566,1,-0.0601954117289566,19.9931,"b.Misspecified delay
 Effect compartment"
5,72,0,-0.23526894111328,1,-0.23526894111328,19.0646,"b.Misspecified delay
 Effect compartment"
6,96,0,-0.453762190169879,1,-0.453762190169879,23.2792,"b.Misspecified delay
 Effect compartment"
7,120,0,0.227544976641149,1,0.227544976641149,30.1382,"b.Misspecified delay
 Effect compartment"
1,0,0,-0.582841507271216,1,-0.582841507271216,96.1604,"b.Misspecified delay
 Effect compartment"
2,24,0,-0.168741467620538,1,-0.168741467620538,33.9126,"b.Misspecified delay
 Effect compartment"
3,36,0,-0.658837692736188,1,-0.658837692736188,24.2777,"b.Misspecified delay
 Effect compartment"
4,48,0,-0.841621233572914,1,-0.841621233572914,19.9931,"b.Misspecified delay
 Effect compartment"
5,72,0,-0.930716948904339,1,-0.930716948904339,19.0646,"b.Misspecified delay
 Effect compartment"
6,96,0,-0.785773831524484,1,-0.785773831524484,23.2792,"b.Misspecified delay
 Effect compartment"
7,120,0,-1.05812161768478,1,-1.05812161768478,30.1382,"b.Misspecified delay
 Effect compartment"
1,0,0,-0.199335898061207,1,-0.199335898061207,96.1604,"b.Misspecified delay
 Effect compartment"
2,24,0,0.281926329587061,1,0.281926329587061,33.5236,"b.Misspecified delay
 Effect compartment"
3,36,0,-0.0501535834647337,1,-0.0501535834647337,23.6436,"b.Misspecified delay
 Effect compartment"
4,48,0,0.276713636736747,1,0.276713636736747,19.1202,"b.Misspecified delay
 Effect compartment"
5,72,0,-0.487364565469441,1,-0.487364565469441,17.717,"b.Misspecified delay
 Effect compartment"
6,96,0,-0.649523595844325,1,-0.649523595844325,21.4617,"b.Misspecified delay
 Effect compartment"
7,120,0,-0.570999473112987,1,-0.570999473112987,27.8838,"b.Misspecified delay
 Effect compartment"
1,0,0,0.2533471031358,1,0.2533471031358,96.1604,"b.Misspecified delay
 Effect compartment"
2,24,0,0.163658486233141,1,0.163658486233141,34.1358,"b.Misspecified delay
 Effect compartment"
3,36,0,0.0300840766201891,1,0.0300840766201891,24.6411,"b.Misspecified delay
 Effect compartment"
4,48,0,-0.379926467041307,1,-0.379926467041307,20.4927,"b.Misspecified delay
 Effect compartment"
5,72,0,0.687131286795469,1,0.687131286795469,19.8334,"b.Misspecified delay
 Effect compartment"
6,96,0,0.415193850778427,1,0.415193850778427,24.311,"b.Misspecified delay
 Effect compartment"
7,120,0,0.393432594110967,1,0.393432594110967,31.4086,"b.Misspecified delay
 Effect compartment"
1,0,0,0.44544250629172,1,0.44544250629172,96.1604,"b.Misspecified delay
 Effect compartment"
2,24,0,0.199335898061207,1,0.199335898061207,33.8311,"b.Misspecified delay
 Effect compartment"
3,36,0,0.284535542671622,1,0.284535542671622,24.1538,"b.Misspecified delay
 Effect compartment"
4,48,0,-0.729002717805219,1,-0.729002717805219,19.8285,"b.Misspecified delay
 Effect compartment"
5,72,0,-0.900225985701433,1,-0.900225985701433,18.8196,"b.Misspecified delay
 Effect compartment"
6,96,0,-1.03643338949379,1,-1.03643338949379,22.9554,"b.Misspecified delay
 Effect compartment"
7,120,0,-0.143367435457767,1,-0.143367435457767,29.7423,"b.Misspecified delay
 Effect compartment"
1,0,0,1.14068747633762,1,1.14068747633762,96.1604,"b.Misspecified delay
 Effect compartment"
2,24,0,0.950220941541015,1,0.950220941541015,34.3444,"b.Misspecified delay
 Effect compartment"
3,36,0,0.94237633259795,1,0.94237633259795,24.9806,"b.Misspecified delay
 Effect compartment"
4,48,0,0.125661346855074,1,0.125661346855074,20.9592,"b.Misspecified delay
 Effect compartment"
5,72,0,0.219834563805069,1,0.219834563805069,20.5497,"b.Misspecified delay
 Effect compartment"
6,96,0,-0.310737745487592,1,-0.310737745487592,25.2687,"b.Misspecified delay
 Effect compartment"
7,120,0,-0.748763106614909,1,-0.748763106614909,32.5813,"b.Misspecified delay
 Effect compartment"
2,24,0,1.29883663264251,1,1.29883663264251,33.7855,"c.Misspecified delay and correlation
 Effect compartment, Full Omega"
3,36,0,0.353117971973689,1,0.353117971973689,24.463,"c.Misspecified delay and correlation
 Effect compartment, Full Omega"
4,48,0,0.490189231715209,1,0.490189231715209,20.399,"c.Misspecified delay and correlation
 Effect compartment, Full Omega"
5,72,0,1.39174377939633,1,1.39174377939633,19.7315,"c.Misspecified delay and correlation
 Effect compartment, Full Omega"
6,96,0,1.41865370617274,1,1.41865370617274,24.0814,"c.Misspecified delay and correlation
 Effect compartment, Full Omega"
7,120,0,1.83842366924778,1,1.83842366924778,31.0191,"c.Misspecified delay and correlation
 Effect compartment, Full Omega"
8,144,0,2.17009037758456,1,2.17009037758456,39.304,"c.Misspecified delay and correlation
 Effect compartment, Full Omega"
1,0,0,0.930716948904339,1,0.930716948904339,96.1395,"c.Misspecified delay and correlation
 Effect compartment, Full Omega"
2,24,0,-0.938475698411568,1,-0.938475698411568,33.7855,"c.Misspecified delay and correlation
 Effect compartment, Full Omega"
3,36,0,0.0150403366786357,1,0.0150403366786357,24.463,"c.Misspecified delay and correlation
 Effect compartment, Full Omega"
4,48,0,0.591776890591446,1,0.591776890591446,20.399,"c.Misspecified delay and correlation
 Effect compartment, Full Omega"
5,72,0,0.345125531470472,1,0.345125531470472,19.7315,"c.Misspecified delay and correlation
 Effect compartment, Full Omega"
6,96,0,0.668209299725723,1,0.668209299725723,24.0814,"c.Misspecified delay and correlation
 Effect compartment, Full Omega"
7,120,0,0.347787204278627,1,0.347787204278627,31.0191,"c.Misspecified delay and correlation
 Effect compartment, Full Omega"
1,0,0,-0.553384719555673,1,-0.553384719555673,96.1395,"c.Misspecified delay and correlation
 Effect compartment, Full Omega"
2,24,0,-0.852385797957575,1,-0.852385797957575,33.7855,"c.Misspecified delay and correlation
 Effect compartment, Full Omega"
3,36,0,-0.0702433138219167,1,-0.0702433138219167,24.463,"c.Misspecified delay and correlation
 Effect compartment, Full Omega"
4,48,0,-0.279319034447454,1,-0.279319034447454,20.399,"c.Misspecified delay and correlation
 Effect compartment, Full Omega"
5,72,0,-0.250759571882916,1,-0.250759571882916,19.7315,"c.Misspecified delay and correlation
 Effect compartment, Full Omega"
6,96,0,-0.337155076995277,1,-0.337155076995277,24.0814,"c.Misspecified delay and correlation
 Effect compartment, Full Omega"
7,120,0,-0.911560735067541,1,-0.911560735067541,31.0191,"c.Misspecified delay and correlation
 Effect compartment, Full Omega"
8,144,0,-0.994457883209753,1,-0.994457883209753,39.304,"c.Misspecified delay and correlation
 Effect compartment, Full Omega"
1,0,0,-0.877896295051228,1,-0.877896295051228,96.1395,"c.Misspecified delay and correlation
 Effect compartment, Full Omega"
2,24,0,-1.09846842033986,1,-1.09846842033986,33.4678,"c.Misspecified delay and correlation
 Effect compartment, Full Omega"
3,36,0,-0.318639363964375,1,-0.318639363964375,23.9602,"c.Misspecified delay and correlation
 Effect compartment, Full Omega"
4,48,0,-0.339809491013167,1,-0.339809491013167,19.7171,"c.Misspecified delay and correlation
 Effect compartment, Full Omega"
5,72,0,-0.0953963690568919,1,-0.0953963690568919,18.6937,"c.Misspecified delay and correlation
 Effect compartment, Full Omega"
6,96,0,-0.60376483779863,1,-0.60376483779863,22.6916,"c.Misspecified delay and correlation
 Effect compartment, Full Omega"
7,120,0,-0.725737024100805,1,-0.725737024100805,29.3044,"c.Misspecified delay and correlation
 Effect compartment, Full Omega"
8,144,0,-0.568051498338983,1,-0.568051498338983,37.3264,"c.Misspecified delay and correlation
 Effect compartment, Full Omega"
1,0,0,1.64485362695147,1,1.64485362695147,96.1395,"c.Misspecified delay and correlation
 Effect compartment, Full Omega"
2,24,0,1.01103432814182,1,1.01103432814182,34.6757,"c.Misspecified delay and correlation
 Effect compartment, Full Omega"
3,36,0,0.145900420032994,1,0.145900420032994,25.9101,"c.Misspecified delay and correlation
 Effect compartment, Full Omega"
4,48,0,1.61643637111502,1,1.61643637111502,22.3856,"c.Misspecified delay and correlation
 Effect compartment, Full Omega"
5,72,0,1.94313375110507,1,1.94313375110507,22.7765,"c.Misspecified delay and correlation
 Effect compartment, Full Omega"
6,96,0,1.79911810683797,1,1.79911810683797,28.1428,"c.Misspecified delay and correlation
 Effect compartment, Full Omega"
7,120,0,2.36561812686429,1,2.36561812686429,35.9724,"c.Misspecified delay and correlation
 Effect compartment, Full Omega"
8,144,0,2.01409081201814,1,2.01409081201814,44.916,"c.Misspecified delay and correlation
 Effect compartment, Full Omega"
1,0,0,-1.06693763219277,1,-1.06693763219277,96.1395,"c.Misspecified delay and correlation
 Effect compartment, Full Omega"
2,24,0,0.345125531470472,1,0.345125531470472,33.5492,"c.Misspecified delay and correlation
 Effect compartment, Full Omega"
3,36,0,0.276713636736747,1,0.276713636736747,24.1016,"c.Misspecified delay and correlation
 Effect compartment, Full Omega"
4,48,0,-0.294991988222626,1,-0.294991988222626,19.9173,"c.Misspecified delay and correlation
 Effect compartment, Full Omega"
5,72,0,0.92301382625498,1,0.92301382625498,19.0111,"c.Misspecified delay and correlation
 Effect compartment, Full Omega"
6,96,0,0.553384719555673,1,0.553384719555673,23.1257,"c.Misspecified delay and correlation
 Effect compartment, Full Omega"
7,120,0,0.99857627061566,1,0.99857627061566,29.8474,"c.Misspecified delay and correlation
 Effect compartment, Full Omega"
8,144,0,1.08031934081496,1,1.08031934081496,37.9594,"c.Misspecified delay and correlation
 Effect compartment, Full Omega"
2,24,0,-0.674489750196082,1,-0.674489750196082,33.9464,"c.Misspecified delay and correlation
 Effect compartment, Full Omega"
3,36,0,-0.448212281456609,1,-0.448212281456609,24.7338,"c.Misspecified delay and correlation
 Effect compartment, Full Omega"
4,48,0,-0.230118100657266,1,-0.230118100657266,20.777,"c.Misspecified delay and correlation
 Effect compartment, Full Omega"
5,72,0,-0.816874765500164,1,-0.816874765500164,20.3218,"c.Misspecified delay and correlation
 Effect compartment, Full Omega"
6,96,0,-0.93458929107348,1,-0.93458929107348,24.8794,"c.Misspecified delay and correlation
 Effect compartment, Full Omega"
7,120,0,-0.573952418568573,1,-0.573952418568573,32.0057,"c.Misspecified delay and correlation
 Effect compartment, Full Omega"
8,144,0,-0.715985989610205,1,-0.715985989610205,40.4389,"c.Misspecified delay and correlation
 Effect compartment, Full Omega"
1,0,0,1.88079360815125,1,1.88079360815125,96.1395,"c.Misspecified delay and correlation
 Effect compartment, Full Omega"
2,24,0,0.2533471031358,1,0.2533471031358,33.2807,"c.Misspecified delay and correlation
 Effect compartment, Full Omega"
3,36,0,0.334503036423212,1,0.334503036423212,23.6575,"c.Misspecified delay and correlation
 Effect compartment, Full Omega"
4,48,0,1.23723459916283,1,1.23723459916283,19.3018,"c.Misspecified delay and correlation
 Effect compartment, Full Omega"
5,72,0,0.950220941541015,1,0.950220941541015,18.0538,"c.Misspecified delay and correlation
 Effect compartment, Full Omega"
6,96,0,1.1076800921478,1,1.1076800921478,21.8272,"c.Misspecified delay and correlation
 Effect compartment, Full Omega"
7,120,0,1.20035885803086,1,1.20035885803086,28.2285,"c.Misspecified delay and correlation
 Effect compartment, Full Omega"
8,144,0,1.49085335524666,1,1.49085335524666,36.0733,"c.Misspecified delay and correlation
 Effect compartment, Full Omega"
1,0,0,-0.652621998347801,1,-0.652621998347801,96.1395,"c.Misspecified delay and correlation
 Effect compartment, Full Omega"
2,24,0,0.706302562840088,1,0.706302562840088,34.2662,"c.Misspecified delay and correlation
 Effect compartment, Full Omega"
3,36,0,-0.448212281456609,1,-0.448212281456609,25.2499,"c.Misspecified delay and correlation
 Effect compartment, Full Omega"
4,48,0,-0.0551738021383168,1,-0.0551738021383168,21.4834,"c.Misspecified delay and correlation
 Effect compartment, Full Omega"
5,72,0,0.361133033557212,1,0.361133033557212,21.4022,"c.Misspecified delay and correlation
 Effect compartment, Full Omega"
6,96,0,0.00250663089957177,1,0.00250663089957177,26.3213,"c.Misspecified delay and correlation
 Effect compartment, Full Omega"
7,120,0,0.353117971973689,1,0.353117971973689,33.7679,"c.Misspecified delay and correlation
 Effect compartment, Full Omega"
8,144,0,0.237846695417749,1,0.237846695417749,42.4421,"c.Misspecified delay and correlation
 Effect compartment, Full Omega"
1,0,0,1.51410188761928,1,1.51410188761928,96.1395,"c.Misspecified delay and correlation
 Effect compartment, Full Omega"
2,24,0,0.765456096690878,1,0.765456096690878,33.6861,"c.Misspecified delay and correlation
 Effect compartment, Full Omega"
3,36,0,0.510073456968595,1,0.510073456968595,24.3132,"c.Misspecified delay and correlation
 Effect compartment, Full Omega"
4,48,0,-0.279319034447454,1,-0.279319034447454,20.2009,"c.Misspecified delay and correlation
 Effect compartment, Full Omega"
5,72,0,0.838054669877407,1,0.838054669877407,19.4378,"c.Misspecified delay and correlation
 Effect compartment, Full Omega"
6,96,0,0.212137198317524,1,0.212137198317524,23.6937,"c.Misspecified delay and correlation
 Effect compartment, Full Omega"
7,120,0,1.06693763219277,1,1.06693763219277,30.5456,"c.Misspecified delay and correlation
 Effect compartment, Full Omega"
8,144,0,0.196779620218467,1,0.196779620218467,38.7627,"c.Misspecified delay and correlation
 Effect compartment, Full Omega"
1,0,0,0.0175472983721508,1,0.0175472983721508,96.1395,"c.Misspecified delay and correlation
 Effect compartment, Full Omega"
2,24,0,0.204452381536821,1,0.204452381536821,33.4282,"c.Misspecified delay and correlation
 Effect compartment, Full Omega"
3,36,0,-0.576910377333272,1,-0.576910377333272,23.8961,"c.Misspecified delay and correlation
 Effect compartment, Full Omega"
4,48,0,-0.318639363964375,1,-0.318639363964375,19.6291,"c.Misspecified delay and correlation
 Effect compartment, Full Omega"
5,72,0,-0.19167090224842,1,-0.19167090224842,18.5582,"c.Misspecified delay and correlation
 Effect compartment, Full Omega"
6,96,0,-0.680796918764575,1,-0.680796918764575,22.5089,"c.Misspecified delay and correlation
 Effect compartment, Full Omega"
7,120,0,-1.34693862611028,1,-1.34693862611028,29.0773,"c.Misspecified delay and correlation
 Effect compartment, Full Omega"
8,144,0,-1.08031934081496,1,-1.08031934081496,37.0626,"c.Misspecified delay and correlation
 Effect compartment, Full Omega"
1,0,0,-1.14068747633762,1,-1.14068747633762,96.1395,"c.Misspecified delay and correlation
 Effect compartment, Full Omega"
2,24,0,-0.281926329587061,1,-0.281926329587061,33.5492,"c.Misspecified delay and correlation
 Effect compartment, Full Omega"
3,36,0,0.431644239383956,1,0.431644239383956,24.1016,"c.Misspecified delay and correlation
 Effect compartment, Full Omega"
4,48,0,-0.10043372051147,1,-0.10043372051147,19.9173,"c.Misspecified delay and correlation
 Effect compartment, Full Omega"
1,0,0,0.816874765500164,1,0.816874765500164,96.1395,"c.Misspecified delay and correlation
 Effect compartment, Full Omega"
2,24,0,0.823893630338558,1,0.823893630338558,33.5492,"c.Misspecified delay and correlation
 Effect compartment, Full Omega"
3,36,0,1.62576338623323,1,1.62576338623323,24.1016,"c.Misspecified delay and correlation
 Effect compartment, Full Omega"
4,48,0,0.765456096690878,1,0.765456096690878,19.9173,"c.Misspecified delay and correlation
 Effect compartment, Full Omega"
5,72,0,0.0100266811002748,1,0.0100266811002748,19.0111,"c.Misspecified delay and correlation
 Effect compartment, Full Omega"
6,96,0,0.199335898061207,1,0.199335898061207,23.1257,"c.Misspecified delay and correlation
 Effect compartment, Full Omega"
7,120,0,-0.281926329587061,1,-0.281926329587061,29.8474,"c.Misspecified delay and correlation
 Effect compartment, Full Omega"
8,144,0,-0.240426031142308,1,-0.240426031142308,37.9594,"c.Misspecified delay and correlation
 Effect compartment, Full Omega"
1,0,0,-1.37220380899873,1,-1.37220380899873,96.1395,"c.Misspecified delay and correlation
 Effect compartment, Full Omega"
2,24,0,-0.0953963690568919,1,-0.0953963690568919,34.2662,"c.Misspecified delay and correlation
 Effect compartment, Full Omega"
3,36,0,-0.118085389425553,1,-0.118085389425553,25.2499,"c.Misspecified delay and correlation
 Effect compartment, Full Omega"
4,48,0,-1.18504412790781,1,-1.18504412790781,21.4834,"c.Misspecified delay and correlation
 Effect compartment, Full Omega"
5,72,0,0.138304207961405,1,0.138304207961405,21.4022,"c.Misspecified delay and correlation
 Effect compartment, Full Omega"
6,96,0,0.0175472983721508,1,0.0175472983721508,26.3213,"c.Misspecified delay and correlation
 Effect compartment, Full Omega"
7,120,0,-0.501527398977708,1,-0.501527398977708,33.7679,"c.Misspecified delay and correlation
 Effect compartment, Full Omega"
8,144,0,-0.533048510902909,1,-0.533048510902909,42.4421,"c.Misspecified delay and correlation
 Effect compartment, Full Omega"
1,0,0,-1.29883663264251,1,-1.29883663264251,96.1395,"c.Misspecified delay and correlation
 Effect compartment, Full Omega"
2,24,0,1.00686427879852,1,1.00686427879852,34.0664,"c.Misspecified delay and correlation
 Effect compartment, Full Omega"
3,36,0,0.501527398977708,1,0.501527398977708,24.9147,"c.Misspecified delay and correlation
 Effect compartment, Full Omega"
4,48,0,0.118085389425553,1,0.118085389425553,21.0164,"c.Misspecified delay and correlation
 Effect compartment, Full Omega"
5,72,0,-0.133244523611124,1,-0.133244523611124,20.6761,"c.Misspecified delay and correlation
 Effect compartment, Full Omega"
6,96,0,-0.0576844251079842,1,-0.0576844251079842,25.3452,"c.Misspecified delay and correlation
 Effect compartment, Full Omega"
7,120,0,0.423404722394183,1,0.423404722394183,32.5708,"c.Misspecified delay and correlation
 Effect compartment, Full Omega"
8,144,0,0.279319034447454,1,0.279319034447454,41.0794,"c.Misspecified delay and correlation
 Effect compartment, Full Omega"
1,0,0,-1.65462790235108,1,-1.65462790235108,96.1395,"c.Misspecified delay and correlation
 Effect compartment, Full Omega"
2,24,0,-0.171284585931507,1,-0.171284585931507,34.0049,"c.Misspecified delay and correlation
 Effect compartment, Full Omega"
3,36,0,-0.347787204278627,1,-0.347787204278627,24.8282,"c.Misspecified delay and correlation
 Effect compartment, Full Omega"
4,48,0,-0.166199440170359,1,-0.166199440170359,20.9063,"c.Misspecified delay and correlation
 Effect compartment, Full Omega"
5,72,0,-0.0250689082587111,1,-0.0250689082587111,20.5198,"c.Misspecified delay and correlation
 Effect compartment, Full Omega"
6,96,0,0.0752698620998299,1,0.0752698620998299,25.1443,"c.Misspecified delay and correlation
 Effect compartment, Full Omega"
7,120,0,0.305480788099397,1,0.305480788099397,32.3305,"c.Misspecified delay and correlation
 Effect compartment, Full Omega"
1,0,0,0.778965564347545,1,0.778965564347545,96.1395,"c.Misspecified delay and correlation
 Effect compartment, Full Omega"
2,24,0,0.323918153281133,1,0.323918153281133,33.5087,"c.Misspecified delay and correlation
 Effect compartment, Full Omega"
3,36,0,-0.173828812501662,1,-0.173828812501662,24.0263,"c.Misspecified delay and correlation
 Effect compartment, Full Omega"
4,48,0,-1.23186370873498,1,-1.23186370873498,19.8077,"c.Misspecified delay and correlation
 Effect compartment, Full Omega"
5,72,0,-0.366489293889434,1,-0.366489293889434,18.8332,"c.Misspecified delay and correlation
 Effect compartment, Full Omega"
6,96,0,-0.467698799114508,1,-0.467698799114508,22.8798,"c.Misspecified delay and correlation
 Effect compartment, Full Omega"
7,120,0,-1.30468538522879,1,-1.30468538522879,29.538,"c.Misspecified delay and correlation
 Effect compartment, Full Omega"
1,0,0,0.0275764057393917,1,0.0275764057393917,96.1395,"c.Misspecified delay and correlation
 Effect compartment, Full Omega"
2,24,0,-1.20552679597252,1,-1.20552679597252,33.5959,"c.Misspecified delay and correlation
 Effect compartment, Full Omega"
3,36,0,-0.163658486233141,1,-0.163658486233141,24.1576,"c.Misspecified delay and correlation
 Effect compartment, Full Omega"
4,48,0,-1.04073188646754,1,-1.04073188646754,19.9813,"c.Misspecified delay and correlation
 Effect compartment, Full Omega"
5,72,0,0.0652185397095437,1,0.0652185397095437,19.0908,"c.Misspecified delay and correlation
 Effect compartment, Full Omega"
6,96,0,0.382622075162534,1,0.382622075162534,23.2206,"c.Misspecified delay and correlation
 Effect compartment, Full Omega"
7,120,0,0.768820293458062,1,0.768820293458062,29.9559,"c.Misspecified delay and correlation
 Effect compartment, Full Omega"
1,0,0,-0.612812991016627,1,-0.612812991016627,96.1395,"c.Misspecified delay and correlation
 Effect compartment, Full Omega"
2,24,0,0.48172684958473,1,0.48172684958473,33.864,"c.Misspecified delay and correlation
 Effect compartment, Full Omega"
3,36,0,0.855995985492682,1,0.855995985492682,24.5893,"c.Misspecified delay and correlation
 Effect compartment, Full Omega"
4,48,0,0.337155076995277,1,0.337155076995277,20.5718,"c.Misspecified delay and correlation
 Effect compartment, Full Omega"
5,72,0,0.0853287948856292,1,0.0853287948856292,19.9961,"c.Misspecified delay and correlation
 Effect compartment, Full Omega"
6,96,0,-0.350451343273461,1,-0.350451343273461,24.436,"c.Misspecified delay and correlation
 Effect compartment, Full Omega"
7,120,0,-0.640265509214374,1,-0.640265509214374,31.4555,"c.Misspecified delay and correlation
 Effect compartment, Full Omega"
1,0,0,-1.35946274541826,1,-1.35946274541826,96.1395,"c.Misspecified delay and correlation
 Effect compartment, Full Omega"
2,24,0,-0.287146694314745,1,-0.287146694314745,33.9754,"c.Misspecified delay and correlation
 Effect compartment, Full Omega"
3,36,0,-0.597760126042478,1,-0.597760126042478,24.7805,"c.Misspecified delay and correlation
 Effect compartment, Full Omega"
4,48,0,0.173828812501662,1,0.173828812501662,20.841,"c.Misspecified delay and correlation
 Effect compartment, Full Omega"
5,72,0,0.677639964877996,1,0.677639964877996,20.4198,"c.Misspecified delay and correlation
 Effect compartment, Full Omega"
6,96,0,1.25908398042707,1,1.25908398042707,25.0105,"c.Misspecified delay and correlation
 Effect compartment, Full Omega"
7,120,0,1.57178681650986,1,1.57178681650986,32.1666,"c.Misspecified delay and correlation
 Effect compartment, Full Omega"
1,0,0,0.115561597105383,1,0.115561597105383,96.1395,"c.Misspecified delay and correlation
 Effect compartment, Full Omega"
2,24,0,1.83842366924778,1,1.83842366924778,33.8903,"c.Misspecified delay and correlation
 Effect compartment, Full Omega"
3,36,0,-0.0677307130042592,1,-0.0677307130042592,24.6431,"c.Misspecified delay and correlation
 Effect compartment, Full Omega"
4,48,0,0.0627067779432138,1,0.0627067779432138,20.6529,"c.Misspecified delay and correlation
 Effect compartment, Full Omega"
5,72,0,-0.217267350341863,1,-0.217267350341863,20.1315,"c.Misspecified delay and correlation
 Effect compartment, Full Omega"
6,96,0,0.0501535834647337,1,0.0501535834647337,24.6246,"c.Misspecified delay and correlation
 Effect compartment, Full Omega"
7,120,0,-0.0576844251079842,1,-0.0576844251079842,31.6927,"c.Misspecified delay and correlation
 Effect compartment, Full Omega"
1,0,0,0.0752698620998299,1,0.0752698620998299,96.1395,"c.Misspecified delay and correlation
 Effect compartment, Full Omega"
2,24,0,-0.742144154395409,1,-0.742144154395409,34.0049,"c.Misspecified delay and correlation
 Effect compartment, Full Omega"
3,36,0,-0.93458929107348,1,-0.93458929107348,24.8282,"c.Misspecified delay and correlation
 Effect compartment, Full Omega"
4,48,0,-1.46838379824566,1,-1.46838379824566,20.9063,"c.Misspecified delay and correlation
 Effect compartment, Full Omega"
5,72,0,-1.59819313992282,1,-1.59819313992282,20.5198,"c.Misspecified delay and correlation
 Effect compartment, Full Omega"
6,96,0,-1.92683657326391,1,-1.92683657326391,25.1443,"c.Misspecified delay and correlation
 Effect compartment, Full Omega"
7,120,0,-1.92683657326391,1,-1.92683657326391,32.3305,"c.Misspecified delay and correlation
 Effect compartment, Full Omega"
1,0,0,-0.63412384852177,1,-0.63412384852177,96.1395,"c.Misspecified delay and correlation
 Effect compartment, Full Omega"
2,24,0,0.974113877059309,1,0.974113877059309,33.5929,"c.Misspecified delay and correlation
 Effect compartment, Full Omega"
3,36,0,0.600759774249319,1,0.600759774249319,24.1724,"c.Misspecified delay and correlation
 Effect compartment, Full Omega"
4,48,0,-0.289759805228914,1,-0.289759805228914,20.0145,"c.Misspecified delay and correlation
 Effect compartment, Full Omega"
5,72,0,-1.06693763219277,1,-1.06693763219277,19.1609,"c.Misspecified delay and correlation
 Effect compartment, Full Omega"
6,96,0,0.0652185397095437,1,0.0652185397095437,23.3275,"c.Misspecified delay and correlation
 Effect compartment, Full Omega"
7,120,0,-0.772193214188685,1,-0.772193214188685,30.0974,"c.Misspecified delay and correlation
 Effect compartment, Full Omega"
1,0,0,-1.40507156030963,1,-1.40507156030963,96.1395,"c.Misspecified delay and correlation
 Effect compartment, Full Omega"
2,24,0,-0.541736560112817,1,-0.541736560112817,33.5524,"c.Misspecified delay and correlation
 Effect compartment, Full Omega"
3,36,0,-2.19728637664105,1,-2.19728637664105,24.0875,"c.Misspecified delay and correlation
 Effect compartment, Full Omega"
4,48,0,-0.409735480321281,1,-0.409735480321281,19.8854,"c.Misspecified delay and correlation
 Effect compartment, Full Omega"
5,72,0,-0.729002717805219,1,-0.729002717805219,18.9434,"c.Misspecified delay and correlation
 Effect compartment, Full Omega"
6,96,0,-0.600759774249319,1,-0.600759774249319,23.0223,"c.Misspecified delay and correlation
 Effect compartment, Full Omega"
7,120,0,-0.93458929107348,1,-0.93458929107348,29.7103,"c.Misspecified delay and correlation
 Effect compartment, Full Omega"
1,0,0,0.63412384852177,1,0.63412384852177,96.1395,"c.Misspecified delay and correlation
 Effect compartment, Full Omega"
2,24,0,-0.683960672350682,1,-0.683960672350682,33.5959,"c.Misspecified delay and correlation
 Effect compartment, Full Omega"
3,36,0,-1.16011988299752,1,-1.16011988299752,24.1576,"c.Misspecified delay and correlation
 Effect compartment, Full Omega"
4,48,0,-1.20035885803086,1,-1.20035885803086,19.9813,"c.Misspecified delay and correlation
 Effect compartment, Full Omega"
5,72,0,-0.0878448378958717,1,-0.0878448378958717,19.0908,"c.Misspecified delay and correlation
 Effect compartment, Full Omega"
6,96,0,-0.426148007841278,1,-0.426148007841278,23.2206,"c.Misspecified delay and correlation
 Effect compartment, Full Omega"
7,120,0,-0.597760126042478,1,-0.597760126042478,29.9559,"c.Misspecified delay and correlation
 Effect compartment, Full Omega"
1,0,0,0.507220660586946,1,0.507220660586946,96.1395,"c.Misspecified delay and correlation
 Effect compartment, Full Omega"
2,24,0,0.799500943132737,1,0.799500943132737,33.4678,"c.Misspecified delay and correlation
 Effect compartment, Full Omega"
3,36,0,2.29036787785527,1,2.29036787785527,23.9602,"c.Misspecified delay and correlation
 Effect compartment, Full Omega"
4,48,0,1.77438191034496,1,1.77438191034496,19.7171,"c.Misspecified delay and correlation
 Effect compartment, Full Omega"
5,72,0,2.29036787785527,1,2.29036787785527,18.6937,"c.Misspecified delay and correlation
 Effect compartment, Full Omega"
6,96,0,2.87816173909548,1,2.87816173909548,22.6916,"c.Misspecified delay and correlation
 Effect compartment, Full Omega"
7,120,0,2.74778138544499,1,2.74778138544499,29.3044,"c.Misspecified delay and correlation
 Effect compartment, Full Omega"
1,0,0,1.41865370617274,1,1.41865370617274,96.1395,"c.Misspecified delay and correlation
 Effect compartment, Full Omega"
2,24,0,0.171284585931506,1,0.171284585931506,33.4678,"c.Misspecified delay and correlation
 Effect compartment, Full Omega"
3,36,0,-0.0476439559544766,1,-0.0476439559544766,23.9602,"c.Misspecified delay and correlation
 Effect compartment, Full Omega"
4,48,0,0.0601954117289566,1,0.0601954117289566,19.7171,"c.Misspecified delay and correlation
 Effect compartment, Full Omega"
5,72,0,-0.189118426272792,1,-0.189118426272792,18.6937,"c.Misspecified delay and correlation
 Effect compartment, Full Omega"
6,96,0,-0.423404722394183,1,-0.423404722394183,22.6916,"c.Misspecified delay and correlation
 Effect compartment, Full Omega"
7,120,0,0.342466301465391,1,0.342466301465391,29.3044,"c.Misspecified delay and correlation
 Effect compartment, Full Omega"
1,0,0,-0.527278791439508,1,-0.527278791439508,96.1395,"c.Misspecified delay and correlation
 Effect compartment, Full Omega"
2,24,0,-0.158579729753843,1,-0.158579729753843,33.4678,"c.Misspecified delay and correlation
 Effect compartment, Full Omega"
3,36,0,-0.942376332597951,1,-0.942376332597951,23.9602,"c.Misspecified delay and correlation
 Effect compartment, Full Omega"
4,48,0,-1.24264141857788,1,-1.24264141857788,19.7171,"c.Misspecified delay and correlation
 Effect compartment, Full Omega"
5,72,0,-1.03643338949379,1,-1.03643338949379,18.6937,"c.Misspecified delay and correlation
 Effect compartment, Full Omega"
6,96,0,-0.738846849185214,1,-0.738846849185214,22.6916,"c.Misspecified delay and correlation
 Effect compartment, Full Omega"
7,120,0,-0.98220269533347,1,-0.98220269533347,29.3044,"c.Misspecified delay and correlation
 Effect compartment, Full Omega"
1,0,0,-0.0777838416469152,1,-0.0777838416469152,96.1395,"c.Misspecified delay and correlation
 Effect compartment, Full Omega"
2,24,0,0.401570695630149,1,0.401570695630149,33.0872,"c.Misspecified delay and correlation
 Effect compartment, Full Omega"
3,36,0,-0.0250689082587111,1,-0.0250689082587111,23.3444,"c.Misspecified delay and correlation
 Effect compartment, Full Omega"
4,48,0,0.476104403489395,1,0.476104403489395,18.8721,"c.Misspecified delay and correlation
 Effect compartment, Full Omega"
5,72,0,-0.487364565469441,1,-0.487364565469441,17.3906,"c.Misspecified delay and correlation
 Effect compartment, Full Omega"
6,96,0,-0.693493346283289,1,-0.693493346283289,20.9287,"c.Misspecified delay and correlation
 Effect compartment, Full Omega"
7,120,0,-0.437153541391722,1,-0.437153541391722,27.1052,"c.Misspecified delay and correlation
 Effect compartment, Full Omega"
1,0,0,0.25852727731631,1,0.25852727731631,96.1395,"c.Misspecified delay and correlation
 Effect compartment, Full Omega"
2,24,0,0.350451343273461,1,0.350451343273461,33.6861,"c.Misspecified delay and correlation
 Effect compartment, Full Omega"
3,36,0,0.107994569409154,1,0.107994569409154,24.3132,"c.Misspecified delay and correlation
 Effect compartment, Full Omega"
4,48,0,-0.606775363514265,1,-0.606775363514265,20.2009,"c.Misspecified delay and correlation
 Effect compartment, Full Omega"
5,72,0,0.735557557385111,1,0.735557557385111,19.4378,"c.Misspecified delay and correlation
 Effect compartment, Full Omega"
6,96,0,0.478913734112256,1,0.478913734112256,23.6937,"c.Misspecified delay and correlation
 Effect compartment, Full Omega"
7,120,0,0.401570695630149,1,0.401570695630149,30.5456,"c.Misspecified delay and correlation
 Effect compartment, Full Omega"
1,0,0,0.478913734112256,1,0.478913734112256,96.1395,"c.Misspecified delay and correlation
 Effect compartment, Full Omega"
2,24,0,0.423404722394183,1,0.423404722394183,33.3879,"c.Misspecified delay and correlation
 Effect compartment, Full Omega"
3,36,0,0.515791557046827,1,0.515791557046827,23.8397,"c.Misspecified delay and correlation
 Effect compartment, Full Omega"
4,48,0,-1.0493870846841,1,-1.0493870846841,19.5576,"c.Misspecified delay and correlation
 Effect compartment, Full Omega"
5,72,0,-1.06251930227087,1,-1.06251930227087,18.4565,"c.Misspecified delay and correlation
 Effect compartment, Full Omega"
6,96,0,-1.19011804189642,1,-1.19011804189642,22.3772,"c.Misspecified delay and correlation
 Effect compartment, Full Omega"
7,120,0,-0.0752698620998299,1,-0.0752698620998299,28.9177,"c.Misspecified delay and correlation
 Effect compartment, Full Omega"
1,0,0,1.24264141857788,1,1.24264141857788,96.1395,"c.Misspecified delay and correlation
 Effect compartment, Full Omega"
2,24,0,1.64485362695147,1,1.64485362695147,33.8903,"c.Misspecified delay and correlation
 Effect compartment, Full Omega"
3,36,0,1.60724789190022,1,1.60724789190022,24.6431,"c.Misspecified delay and correlation
 Effect compartment, Full Omega"
4,48,0,0.232692749183045,1,0.232692749183045,20.6529,"c.Misspecified delay and correlation
 Effect compartment, Full Omega"
5,72,0,0.374543499199443,1,0.374543499199443,20.1315,"c.Misspecified delay and correlation
 Effect compartment, Full Omega"
6,96,0,-0.289759805228914,1,-0.289759805228914,24.6246,"c.Misspecified delay and correlation
 Effect compartment, Full Omega"
7,120,0,-0.687131286795469,1,-0.687131286795469,31.6927,"c.Misspecified delay and correlation
 Effect compartment, Full Omega"
